chip,run,steps,raw_bpb,norm_bpb,in_window,is_screen,FF_ADAMW_LR_POW,FF_ADAMW_LR_SCALE,FF_ASPECT_RATIO,FF_BACKOUT,FF_BF16_PARAMS,FF_BIGRAM,FF_BIGRAM_DIM,FF_BOS_MODE,FF_CC_FLAGS,FF_CE_INPLACE,FF_COMPILE_OPT,FF_COMPILE_SYNC,FF_COOLDOWN_FLOOR,FF_COOLDOWN_FRAC,FF_COOLDOWN_SHAPE,FF_DEPTH,FF_DOC_MASK,FF_EMA_EVERY,FF_EMB_LR,FF_EMB_WD,FF_FREEZE_LAMBDA,FF_FUSED_CE,FF_FUSE_QKV,FF_HEAD_DIM,FF_KV_HEADS,FF_KV_SDPA,FF_LIT,FF_LNC,FF_MATRIX_LR_SCALE,FF_MB,FF_MLP_MULT,FF_MUON_BETA2,FF_MUON_MOM_CONST,FF_MUON_SHARD,FF_MUON_STACK,FF_NPROC,FF_NS_FUSED,FF_NS_STEPS,FF_PROFILE,FF_PROFILE_TRACE,FF_QK_GAIN,FF_ROPE_BASE,FF_SCALAR_LR,FF_SCALAR_STACK,FF_SEED,FF_SOFTCAP,FF_STREAM_MIX,FF_STREAM_ROWS,FF_TIME_TARGET,FF_TOTAL_BATCH,FF_UNEMB_LR,FF_VALUE_EMBED,FF_VALUE_RESIDUAL,FF_VE_LR_SCALE,FF_WARMUP,FF_WD,NEURON_COMPETITION_R1_NUM_STEPS,NEURON_RT_STOCHASTIC_ROUNDING_EN,overrides
A,0347_R_cd060_s132,1553,0.9845605347817307,0.983835,1,0,,,,,,,,,,,,,,0.60,,,,,,,,,,,,,,,,,,,,,,,,,,,,,,,132,,,,,,,,,,,,,,FF_SEED=132 FF_COOLDOWN_FRAC=0.60
A,1248_R_cd060_floor0_s67,1561,0.9844068468842275,0.984023,1,0,,,,,,,,,,,,,0,0.60,,,,,,,,,,,,,,,,,,,,,,,,,,,,,,,67,,,,,,,,,,,,,,FF_SEED=67 FF_COOLDOWN_FRAC=0.60 FF_COOLDOWN_FLOOR=0
A,2021_R_cd060_s67,1555,0.9846881636792655,0.984048,1,0,,,,,,,,,,,,,,0.60,,,,,,,,,,,,,,,,,,,,,,,,,,,,,,,67,,,,,,,,,,,,,,FF_SEED=67 FF_COOLDOWN_FRAC=0.60
A,0906_D_s121,1569,0.9843039869371576,0.984261,1,0,,,,,,,,,,,,,,,,,,,,,,,,,,,,,,,,,,,,,,,,,,,,,121,,,,,,,,,,,,,,FF_SEED=121
A,0419_R_cd060_s131,1551,0.9852154499129488,0.984405,1,0,,,,,,,,,,,,,,0.60,,,,,,,,,,,,,,,,,,,,,,,,,,,,,,,131,,,,,,,,,,,,,,FF_SEED=131 FF_COOLDOWN_FRAC=0.60
A,0315_C_s132_confirm,1559,0.9849136643324572,0.984444,1,0,,,,,,,,,,,,,,,,,,,,,,,,,,,,,,,,,,,,,,,,,,,,,132,,,,,,,,,,,,,,FF_SEED=132
B,0158_D_s132,1568,0.9845555465903176,0.98447,1,0,,,,,,,,,,,,,,,,,,,,,,,,,,,,,,,,,,,,,,,,,,,,,132,,,,,,,,,,,,,,FF_SEED=132
A,0730_D_s118,1567,0.9846294234252114,0.984501,1,0,,,,,,,,,,,,,,,,,,,,,,,,,,,,,,,,,,,,,,,,,,,,,118,,,,,,,,,,,,,,FF_SEED=118
B,0230_D_s133,1579,0.984173003910914,0.984557,1,0,,,,,,,,,,,,,,,,,,,,,,,,,,,,,,,,,,,,,,,,,,,,,133,,,,,,,,,,,,,,FF_SEED=133
A,0658_D_s117,1565,0.9849226086756806,0.984709,1,0,,,,,,,,,,,,,,,,,,,,,,,,,,,,,,,,,,,,,,,,,,,,,117,,,,,,,,,,,,,,FF_SEED=117
B,1026_R_lrstack_s73,1570,0.9847496560389268,0.98475,1,0,,1.0,,,,,,,,,,,,0.50,,,,,,,,,,,,,,,1.6,,,,,,,,,,,,,,,,73,,,,,,,,,,,,,,FF_SEED=73 FF_MATRIX_LR_SCALE=1.6 FF_ADAMW_LR_SCALE=1.0 FF_COOLDOWN_FRAC=0.50
A,2115_D_s67,1558,0.9852706640316937,0.984759,1,0,,,,,,,,,,,,,,,,,,,,,,,,,,,,,,,,,,,,,,,,,,,,,67,,,,,,,,,,,,,,FF_SEED=67
A,1217_R_cd060_floor0_s58,1560,0.9852108057347367,0.984784,1,0,,,,,,,,,,,,,0,0.60,,,,,,,,,,,,,,,,,,,,,,,,,,,,,,,58,,,,,,,,,,,,,,FF_SEED=58 FF_COOLDOWN_FRAC=0.60 FF_COOLDOWN_FLOOR=0
B,0550_R_cd060_alr10_s58,1584,0.9842354423068778,0.984833,1,0,,1.0,,,,,,,,,,,,0.60,,,,,,,,,,,,,,,,,,,,,,,,,,,,,,,58,,,,,,,,,,,,,,FF_SEED=58 FF_COOLDOWN_FRAC=0.60 FF_ADAMW_LR_SCALE=1.0
B,1933_R_cd060_s58,1571,0.9847955818012474,0.984838,1,0,,,,,,,,,,,,,,0.60,,,,,,,,,,,,,,,,,,,,,,,,,,,,,,,58,,,,,,,,,,,,,,FF_SEED=58 FF_COOLDOWN_FRAC=0.60
B,0447_C_s67_ctrl,1570,0.9848433996361728,0.984843,1,0,,,,,,,,,,,,,,,,,,,,,,,,,,,,,,,,,,,,,,,,,,,,,67,,,,,,,,,,,,,,FF_SEED=67
B,2030_D_s67,1578,0.9845466882503944,0.984888,1,0,,,,,,,,,,,,,,,,,,,,,,,,,,,,,,,,,,,,,,,,,,,,,67,,,,,,,,,,,,,,FF_SEED=67
B,0922_R_alr10cd050_s67,1571,0.9848630083886243,0.984906,1,0,,1.0,,,,,,,,,,,,0.50,,,,,,,,,,,,,,,,,,,,,,,,,,,,,,,67,,,,,,,,,,,,,,FF_SEED=67 FF_ADAMW_LR_SCALE=1.0 FF_COOLDOWN_FRAC=0.50
B,0654_R_cd060_wd005_s58,1584,0.984318607498196,0.984916,1,0,,,,,,,,,,,,,,0.60,,,,,,,,,,,,,,,,,,,,,,,,,,,,,,,58,,,,,,,,,,,0.05,,,FF_SEED=58 FF_COOLDOWN_FRAC=0.60 FF_WD=0.05
B,2112_R_cd060_s73,1570,0.984923898725184,0.984924,1,0,,,,,,,,,,,,,,0.60,,,,,,,,,,,,,,,,,,,,,,,,,,,,,,,73,,,,,,,,,,,,,,FF_SEED=73 FF_COOLDOWN_FRAC=0.60
B,2008_R_cd066_s58,1571,0.9848849392301818,0.984928,1,0,,,,,,,,,,,,,,0.66,,,,,,,,,,,,,,,,,,,,,,,,,,,,,,,58,,,,,,,,,,,,,,FF_SEED=58 FF_COOLDOWN_FRAC=0.66
B,2143_R_cd055_s58,1578,0.9845992362668322,0.984941,1,0,,,,,,,,,,,,,,0.55,,,,,,,,,,,,,,,,,,,,,,,,,,,,,,,58,,,,,,,,,,,,,,FF_SEED=58 FF_COOLDOWN_FRAC=0.55
B,1212_R_cd060_floor0_s73,1577,0.9846614166528954,0.98496,1,0,,,,,,,,,,,,,0,0.60,,,,,,,,,,,,,,,,,,,,,,,,,,,,,,,73,,,,,,,,,,,,,,FF_SEED=73 FF_COOLDOWN_FRAC=0.60 FF_COOLDOWN_FLOOR=0
B,1244_R_cd060_floor0_s71,1583,0.9844290357356857,0.984984,1,0,,,,,,,,,,,,,0,0.60,,,,,,,,,,,,,,,,,,,,,,,,,,,,,,,71,,,,,,,,,,,,,,FF_SEED=71 FF_COOLDOWN_FRAC=0.60 FF_COOLDOWN_FLOOR=0
B,0850_R_lrstack_s58,1579,0.9846210811050895,0.985005,1,0,,1.0,,,,,,,,,,,,0.50,,,,,,,,,,,,,,,1.6,,,,,,,,,,,,,,,,58,,,,,,,,,,,,,,FF_SEED=58 FF_MATRIX_LR_SCALE=1.6 FF_ADAMW_LR_SCALE=1.0 FF_COOLDOWN_FRAC=0.50
B,2040_R_cd060_s71,1569,0.9850768125929852,0.985034,1,0,,,,,,,,,,,,,,0.60,,,,,,,,,,,,,,,,,,,,,,,,,,,,,,,71,,,,,,,,,,,,,,FF_SEED=71 FF_COOLDOWN_FRAC=0.60
B,1429_Q_adamw1cd050_s58,1569,0.985078274649089,0.985036,1,0,,1.0,,,,,,,,,,,,0.50,,,,,,,,,,,,,,,,,,,,,,,,,,,,,,,58,,,,,,,,,,,,,,FF_SEED=58 FF_ADAMW_LR_SCALE=1.0 FF_COOLDOWN_FRAC=0.50
A,0523_R_cd060_mlr16_s58,1551,0.9858638287933499,0.985053,1,0,,,,,,,,,,,,,,0.60,,,,,,,,,,,,,,,1.6,,,,,,,,,,,,,,,,58,,,,,,,,,,,,,,FF_SEED=58 FF_COOLDOWN_FRAC=0.60 FF_MATRIX_LR_SCALE=1.6
B,0126_D_s131,1577,0.9847579123557485,0.985057,1,0,,,,,,,,,,,,,,,,,,,,,,,,,,,,,,,,,,,,,,,,,,,,,131,,,,,,,,,,,,,,FF_SEED=131
B,0901_D_s140,1584,0.9845300036101506,0.985127,1,0,,,,,,,,,,,,,,,,,,,,,,,,,,,,,,,,,,,,,,,,,,,,,140,,,,,,,,,,,,,,FF_SEED=140
B,0816_R_alr10cd050_s58,1581,0.9846645127717035,0.985134,1,0,,1.0,,,,,,,,,,,,0.50,,,,,,,,,,,,,,,,,,,,,,,,,,,,,,,58,,,,,,,,,,,,,,FF_SEED=58 FF_ADAMW_LR_SCALE=1.0 FF_COOLDOWN_FRAC=0.50
A,0849_R_lrstack_s67,1555,0.9858206551366366,0.985181,1,0,,1.0,,,,,,,,,,,,0.50,,,,,,,,,,,,,,,1.6,,,,,,,,,,,,,,,,67,,,,,,,,,,,,,,FF_SEED=67 FF_MATRIX_LR_SCALE=1.6 FF_ADAMW_LR_SCALE=1.0 FF_COOLDOWN_FRAC=0.50
B,1709_D_s149,1574,0.9850193623884345,0.98519,1,0,,,,,,,,,,,,,,,,,,,,,,,,,,,,,,,,,,,,,,,,,,,,,149,,,,,,,,,,,,,,FF_SEED=149
B,2215_R_cd070_s58,1575,0.9850072359231026,0.985221,1,0,,,,,,,,,,,,,,0.70,,,,,,,,,,,,,,,,,,,,,,,,,,,,,,,58,,,,,,,,,,,,,,FF_SEED=58 FF_COOLDOWN_FRAC=0.70
B,1350_R_apow14_s58,1585,0.9846232311875952,0.985263,1,0,1.4,,,,,,,,,,,,,0.60,,,,,,,,,,,,,,,,,,,,,,,,,,,,,,,58,,,,,,,,,,,,,,FF_SEED=58 FF_COOLDOWN_FRAC=0.60 FF_ADAMW_LR_POW=1.4
A,0657_R_mlr16_s58,1563,0.985619493417409,0.985321,1,0,,,,,,,,,,,,,,,,,,,,,,,,,,,,,1.6,,,,,,,,,,,,,,,,58,,,,,,,,,,,,,,FF_SEED=58 FF_MATRIX_LR_SCALE=1.6
A,0555_R_cd060_mlr14_s58,1559,0.9857927040640634,0.985323,1,0,,,,,,,,,,,,,,0.60,,,,,,,,,,,,,,,1.4,,,,,,,,,,,,,,,,58,,,,,,,,,,,,,,FF_SEED=58 FF_COOLDOWN_FRAC=0.60 FF_MATRIX_LR_SCALE=1.4
B,1130_D_s101,1581,0.9848643844414279,0.985334,1,0,,,,,,,,,,,,,,,,,,,,,,,,,,,,,,,,,,,,,,,,,,,,,101,,,,,,,,,,,,,,FF_SEED=101
A,0108_D_s112,1550,0.986198123621327,0.985345,1,0,,,,,,,,,,,,,,,,,,,,,,,,,,,,,,,,,,,,,,,,,,,,,112,,,,,,,,,,,,,,FF_SEED=112
B,2247_R_embwd0_s58,1564,0.985605044862971,0.985349,1,0,,,,,,,,,,,,,,,,,,,,0,,,,,,,,,,,,,,,,,,,,,,,,,58,,,,,,,,,,,,,,FF_SEED=58 FF_EMB_WD=0
B,0954_R_lrstack_s71,1583,0.9848494198671885,0.985404,1,0,,1.0,,,,,,,,,,,,0.50,,,,,,,,,,,,,,,1.6,,,,,,,,,,,,,,,,71,,,,,,,,,,,,,,FF_SEED=71 FF_MATRIX_LR_SCALE=1.6 FF_ADAMW_LR_SCALE=1.0 FF_COOLDOWN_FRAC=0.50
B,1201_R_mb2_098_s67,1580,0.9850369070616805,0.985464,1,0,,,,,,,,,,,,,,,,,,,,,,,,,,,,,,,,0.98,,,,,,,,,,,,,67,,,,,,,,,,,,,,FF_SEED=67 FF_MUON_BETA2=0.98
B,0413_R_soft12_s58,1574,0.9852948309590571,0.985466,1,0,,,,,,,,,,,,,,,,,,,,,,,,,,,,,,,,,,,,,,,,,,,,,58,12,,,,,,,,,,,,,FF_SEED=58 FF_SOFTCAP=12
A,2332_D_s91,1551,0.986305627746609,0.985495,1,0,,,,,,,,,,,,,,,,,,,,,,,,,,,,,,,,,,,,,,,,,,,,,91,,,,,,,,,,,,,,FF_SEED=91
A,1325_C_s58,1551,0.9863278165980672,0.985517,1,0,,,,,,,,,,,,,,,,,,,,,,,,,,,,,,,,,,,,,,,,,,,,,58,,,,,,,,,,,,,,FF_SEED=58
A,0622_C_ctrl_s58,1568,0.9856043568365692,0.985519,1,0,,,,,,,,,,,,,,,,,,,,,,,,,,,,,,,,,,,,,,,,,,,,,58,,,,,,,,,,,,,,FF_SEED=58
A,1341_R_mb2_095_s58,1562,0.9858623667372461,0.985521,1,0,,,,,,,,,,,,,,,,,,,,,,,,,,,,,,,,0.95,,,,,,,,,,,,,58,,,,,,,,,,,,,,FF_SEED=58 FF_MUON_BETA2=0.95
B,0706_R_qk100_s58,1583,0.9849741246525158,0.985529,1,0,,,,,,,,,,,,,,,,,,,,,,,,,,,,,,,,,,,,,,,,,1.00,,,,58,,,,,,,,,,,,,,FF_SEED=58 FF_QK_GAIN=1.00
B,2341_D_s73,1574,0.9853716319061586,0.985542,1,0,,,,,,,,,,,,,,,,,,,,,,,,,,,,,,,,,,,,,,,,,,,,,73,,,,,,,,,,,,,,FF_SEED=73
B,0631_C_ctrl_s58,1584,0.9849465175931433,0.985544,1,0,,,,,,,,,,,,,,,,,,,,,,,,,,,,,,,,,,,,,,,,,,,,,58,,,,,,,,,,,,,,FF_SEED=58
B,0447_D_s136,1578,0.9852047855037209,0.985546,1,0,,,,,,,,,,,,,,,,,,,,,,,,,,,,,,,,,,,,,,,,,,,,,136,,,,,,,,,,,,,,FF_SEED=136
B,1325_C_s58,1584,0.9849518497977573,0.985549,1,0,,,,,,,,,,,,,,,,,,,,,,,,,,,,,,,,,,,,,,,,,,,,,58,,,,,,,,,,,,,,FF_SEED=58
B,1813_D_s171,1566,0.9857369739255172,0.985566,1,0,,,,,,,,,,,,,,,,,,,,,,,,,,,,,,,,,,,,,,,,,,,,,171,,,,,,,,,,,,,,FF_SEED=171
B,2238_D_s71,1565,0.9857800615789302,0.985567,1,0,,,,,,,,,,,,,,,,,,,,,,,,,,,,,,,,,,,,,,,,,,,,,71,,,,,,,,,,,,,,FF_SEED=71
B,1547_R_ema8_s58,1585,0.9849266508307912,0.985567,1,0,,,,,,,,,,,,,,,,,,8,,,,,,,,,,,,,,,,,,,,,,,,,,,58,,,,,,,,,,,,,,FF_SEED=58 FF_EMA_EVERY=8
B,0519_D_s137,1584,0.9849863371211478,0.985584,1,0,,,,,,,,,,,,,,,,,,,,,,,,,,,,,,,,,,,,,,,,,,,,,137,,,,,,,,,,,,,,FF_SEED=137
A,1831_D_s87,1553,0.986326182535363,0.985601,1,0,,,,,,,,,,,,,,,,,,,,,,,,,,,,,,,,,,,,,,,,,,,,,87,,,,,,,,,,,,,,FF_SEED=87
B,1140_D_s145,1583,0.9850555697778295,0.98561,1,0,,,,,,,,,,,,,,,,,,,,,,,,,,,,,,,,,,,,,,,,,,,,,145,,,,,,,,,,,,,,FF_SEED=145
B,1855_D_s64,1568,0.985698014430515,0.985613,1,0,,,,,,,,,,,,,,,,,,,,,,,,,,,,,,,,,,,,,,,,,,,,,64,,,,,,,,,,,,,,FF_SEED=64
A,0212_D_s114,1552,0.9863898249775299,0.985622,1,0,,,,,,,,,,,,,,,,,,,,,,,,,,,,,,,,,,,,,,,,,,,,,114,,,,,,,,,,,,,,FF_SEED=114
B,1444_R_emb020_s58,1586,0.9849926153620643,0.985675,1,0,,,,,,,,,,,,,,,,,,,0.20,,,,,,,,,,,,,,,,,,,,,,,,,,58,,,,,,,,,,,,,,FF_SEED=58 FF_EMB_LR=0.20
A,1726_S_sqrt045_s58,1534,0.9872272391118269,0.985691,1,0,,,,,,,,,,,,,,,sqrt,,,,,,,,,,,,,,,,,,,,,,,,,,,,,,58,,,,,,,,,,,,,,FF_SEED=58 FF_COOLDOWN_SHAPE=sqrt
B,0741_R_qk120_s58,1582,0.9852055595334229,0.985718,1,0,,,,,,,,,,,,,,,,,,,,,,,,,,,,,,,,,,,,,,,,,1.20,,,,58,,,,,,,,,,,,,,FF_SEED=58 FF_QK_GAIN=1.20
B,1644_S_sqrt045_s58,1572,0.9856388441599597,0.985724,1,0,,,,,,,,,,,,,,,sqrt,,,,,,,,,,,,,,,,,,,,,,,,,,,,,,58,,,,,,,,,,,,,,FF_SEED=58 FF_COOLDOWN_SHAPE=sqrt
B,1108_D_s144,1582,0.9852571615135584,0.985769,1,0,,,,,,,,,,,,,,,,,,,,,,,,,,,,,,,,,,,,,,,,,,,,,144,,,,,,,,,,,,,,FF_SEED=144
B,1959_D_s66,1571,0.985731555717603,0.985774,1,0,,,,,,,,,,,,,,,,,,,,,,,,,,,,,,,,,,,,,,,,,,,,,66,,,,,,,,,,,,,,FF_SEED=66
A,1550_D_s83,1553,0.9865083375252408,0.985783,1,0,,,,,,,,,,,,,,,,,,,,,,,,,,,,,,,,,,,,,,,,,,,,,83,,,,,,,,,,,,,,FF_SEED=83
B,1516_R_emb045_s58,1581,0.9853507331042038,0.98582,1,0,,,,,,,,,,,,,,,,,,,0.45,,,,,,,,,,,,,,,,,,,,,,,,,,58,,,,,,,,,,,,,,FF_SEED=58 FF_EMB_LR=0.45
A,1949_R_floor2_s58,1557,0.9863963612283471,0.985842,1,0,,,,,,,,,,,,,2,,,,,,,,,,,,,,,,,,,,,,,,,,,,,,,,58,,,,,,,,,,,,,,FF_SEED=58 FF_COOLDOWN_FLOOR=2
A,1446_D_s82,1557,0.9863989413273538,0.985844,1,0,,,,,,,,,,,,,,,,,,,,,,,,,,,,,,,,,,,,,,,,,,,,,82,,,,,,,,,,,,,,FF_SEED=82
A,1743_D_s86,1552,0.9866265060597509,0.985858,1,0,,,,,,,,,,,,,,,,,,,,,,,,,,,,,,,,,,,,,,,,,,,,,86,,,,,,,,,,,,,,FF_SEED=86
A,0136_R_rope10k_s58,1565,0.986085717307932,0.985872,1,0,,,,,,,,,,,,,,,,,,,,,,,,,,,,,,,,,,,,,,,,,,10000,,,58,,,,,,,,,,,,,,FF_SEED=58 FF_ROPE_BASE=10000
B,0829_D_s139,1584,0.9853153857478111,0.985913,1,0,,,,,,,,,,,,,,,,,,,,,,,,,,,,,,,,,,,,,,,,,,,,,139,,,,,,,,,,,,,,FF_SEED=139
A,0626_R_cd060_mlr24_s58,1564,0.9861919313837108,0.985936,1,0,,,,,,,,,,,,,,0.60,,,,,,,,,,,,,,,2.4,,,,,,,,,,,,,,,,58,,,,,,,,,,,,,,FF_SEED=58 FF_COOLDOWN_FRAC=0.60 FF_MATRIX_LR_SCALE=2.4
B,1606_D_s147,1580,0.9855357262029891,0.985962,1,0,,,,,,,,,,,,,,,,,,,,,,,,,,,,,,,,,,,,,,,,,,,,,147,,,,,,,,,,,,,,FF_SEED=147
B,0022_D_s99,1571,0.9859205909714989,0.985963,1,0,,,,,,,,,,,,,,,,,,,,,,,,,,,,,,,,,,,,,,,,,,,,,99,,,,,,,,,,,,,,FF_SEED=99
B,0338_R_soft20_s58,1568,0.9860745368789028,0.985989,1,0,,,,,,,,,,,,,,,,,,,,,,,,,,,,,,,,,,,,,,,,,,,,,58,20,,,,,,,,,,,,,FF_SEED=58 FF_SOFTCAP=20
A,0451_D_s116,1553,0.9867422665018546,0.986017,1,0,,,,,,,,,,,,,,,,,,,,,,,,,,,,,,,,,,,,,,,,,,,,,116,,,,,,,,,,,,,,FF_SEED=116
A,1224_R_mb2_098_s58,1563,0.9863683241524734,0.98607,1,0,,,,,,,,,,,,,,,,,,,,,,,,,,,,,,,,0.98,,,,,,,,,,,,,58,,,,,,,,,,,,,,FF_SEED=58 FF_MUON_BETA2=0.98
A,1834_C_s55,1529,0.9878941087017764,0.986144,1,0,,,,,,,,,,,,,,,,,,,,,,,,,,,,,,,,,,,,,,,,,,,,,55,,,,,,,,,,,,,,FF_SEED=55
A,1041_D_s124,1569,0.9863006395551959,0.986258,1,0,,,,,,,,,,,,,,,,,,,,,,,,,,,,,,,,,,,,,,,,,,,,,124,,,,,,,,,,,,,,FF_SEED=124
B,1845_D_s172,1572,0.9861810949678823,0.986266,1,0,,,,,,,,,,,,,,,,,,,,,,,,,,,,,,,,,,,,,,,,,,,,,172,,,,,,,,,,,,,,FF_SEED=172
B,0048_R_velr05_s58,1563,0.986642932690094,0.986344,1,0,,,,,,,,,,,,,,,,,,,,,,,,,,,,,,,,,,,,,,,,,,,,,58,,,,,,,,,0.5,,,,,FF_SEED=58 FF_VE_LR_SCALE=0.5
A,0802_D_s119,1566,0.9865375786473175,0.986367,1,0,,,,,,,,,,,,,,,,,,,,,,,,,,,,,,,,,,,,,,,,,,,,,119,,,,,,,,,,,,,,FF_SEED=119
B,0120_R_rope10k_s67,1569,0.9864788383932634,0.986436,1,0,,,,,,,,,,,,,,,,,,,,,,,,,,,,,,,,,,,,,,,,,,10000,,,67,,,,,,,,,,,,,,FF_SEED=67 FF_ROPE_BASE=10000
A,0834_D_s120,1572,0.9863771824923967,0.986463,1,0,,,,,,,,,,,,,,,,,,,,,,,,,,,,,,,,,,,,,,,,,,,,,120,,,,,,,,,,,,,,FF_SEED=120
A,2301_D_s90,1560,0.9869679391616466,0.986541,1,0,,,,,,,,,,,,,,,,,,,,,,,,,,,,,,,,,,,,,,,,,,,,,90,,,,,,,,,,,,,,FF_SEED=90
A,0004_D_s110,1553,0.9873064481513347,0.986581,1,0,,,,,,,,,,,,,,,,,,,,,,,,,,,,,,,,,,,,,,,,,,,,,110,,,,,,,,,,,,,,FF_SEED=110
B,1340_R_unemb003_s58,1583,0.9860305891924874,0.986585,1,0,,,,,,,,,,,,,,,,,,,,,,,,,,,,,,,,,,,,,,,,,,,,,58,,,,,,0.003,,,,,,,,FF_SEED=58 FF_UNEMB_LR=0.003
B,0415_D_s135,1583,0.9860708387369931,0.986626,1,0,,,,,,,,,,,,,,,,,,,,,,,,,,,,,,,,,,,,,,,,,,,,,135,,,,,,,,,,,,,,FF_SEED=135
A,0104_R_velr025_s58,1557,0.9871945578577411,0.98664,1,0,,,,,,,,,,,,,,,,,,,,,,,,,,,,,,,,,,,,,,,,,,,,,58,,,,,,,,,0.25,,,,,FF_SEED=58 FF_VE_LR_SCALE=0.25
A,0744_R_mlr24_s58,1561,0.9870407839569377,0.986657,1,0,,,,,,,,,,,,,,,,,,,,,,,,,,,,,2.4,,,,,,,,,,,,,,,,58,,,,,,,,,,,,,,FF_SEED=58 FF_MATRIX_LR_SCALE=2.4
A,2053_R_cd060_s62,1553,0.9873878932766483,0.986662,1,0,,,,,,,,,,,,,,0.60,,,,,,,,,,,,,,,,,,,,,,,,,,,,,,,62,,,,,,,,,,,,,,FF_SEED=62 FF_COOLDOWN_FRAC=0.60
B,1422_D_s146,1581,0.9862136042153676,0.986683,1,0,,,,,,,,,,,,,,,,,,,,,,,,,,,,,,,,,,,,,,,,,,,,,146,,,,,,,,,,,,,,FF_SEED=146
B,1315_R_apow07_s58,1583,0.9861841910866904,0.986739,1,0,0.7,,,,,,,,,,,,,0.60,,,,,,,,,,,,,,,,,,,,,,,,,,,,,,,58,,,,,,,,,,,,,,FF_SEED=58 FF_COOLDOWN_FRAC=0.60 FF_ADAMW_LR_POW=0.7
A,1113_D_s125,1575,0.986548415063146,0.986762,1,0,,,,,,,,,,,,,,,,,,,,,,,,,,,,,,,,,,,,,,,,,,,,,125,,,,,,,,,,,,,,FF_SEED=125
B,0837_R_d9wd005_s58,1532,0.9883900897341776,0.986768,1,0,,,113,,,,,,,,,,,0.45,,9,,,,,,,,,,,,,,,,,,,,,,,,,,,,,58,,,,,,,,,,,0.05,,,FF_SEED=58 FF_DEPTH=9 FF_ASPECT_RATIO=113 FF_COOLDOWN_FRAC=0.45 FF_WD=0.05
B,0339_D_s134,1581,0.9863052837334081,0.986775,1,0,,,,,,,,,,,,,,,,,,,,,,,,,,,,,,,,,,,,,,,,,,,,,134,,,,,,,,,,,,,,FF_SEED=134
A,1518_R_sm02_s58,1556,0.9873878072733482,0.98679,1,0,,,,,,,,,,,,,,,,,,,,,,,,,,,,,,,,,,,,,,,,,,,,,58,,2,,,,,,,,,,,,FF_SEED=58 FF_STREAM_MIX=2
B,1719_S_sqrt060_s58,1573,0.9867501788054753,0.986878,1,0,,,,,,,,,,,,,,0.60,sqrt,,,,,,,,,,,,,,,,,,,,,,,,,,,,,,58,,,,,,,,,,,,,,FF_SEED=58 FF_COOLDOWN_SHAPE=sqrt FF_COOLDOWN_FRAC=0.60
B,2102_D_s68,1577,0.9865865145251459,0.986885,1,0,,,,,,,,,,,,,,,,,,,,,,,,,,,,,,,,,,,,,,,,,,,,,68,,,,,,,,,,,,,,FF_SEED=68
B,1619_R_sm04_s58,1570,0.9869175412277144,0.986918,1,0,,,,,,,,,,,,,,,,,,,,,,,,,,,,,,,,,,,,,,,,,,,,,58,,4,,,,,,,,,,,,FF_SEED=58 FF_STREAM_MIX=4
A,1802_S_sqrt060_s58,1546,0.98794502265551,0.986921,1,0,,,,,,,,,,,,,,0.60,sqrt,,,,,,,,,,,,,,,,,,,,,,,,,,,,,,58,,,,,,,,,,,,,,FF_SEED=58 FF_COOLDOWN_SHAPE=sqrt FF_COOLDOWN_FRAC=0.60
A,0953_R_lrstack_s62,1563,0.9872219069072129,0.986923,1,0,,1.0,,,,,,,,,,,,0.50,,,,,,,,,,,,,,,1.6,,,,,,,,,,,,,,,,62,,,,,,,,,,,,,,FF_SEED=62 FF_MATRIX_LR_SCALE=1.6 FF_ADAMW_LR_SCALE=1.0 FF_COOLDOWN_FRAC=0.50
B,1917_D_s173,1566,0.9871021903132988,0.986931,1,0,,,,,,,,,,,,,,,,,,,,,,,,,,,,,,,,,,,,,,,,,,,,,173,,,,,,,,,,,,,,FF_SEED=173
B,0909_R_d9wd0_s58,1528,0.9887367690373872,0.986944,1,0,,,113,,,,,,,,,,,0.45,,9,,,,,,,,,,,,,,,,,,,,,,,,,,,,,58,,,,,,,,,,,0.0,,,FF_SEED=58 FF_DEPTH=9 FF_ASPECT_RATIO=113 FF_COOLDOWN_FRAC=0.45 FF_WD=0.0
B,0622_R_cd060_alr17_s58,1580,0.9865325044526042,0.986959,1,0,,1.7,,,,,,,,,,,,0.60,,,,,,,,,,,,,,,,,,,,,,,,,,,,,,,58,,,,,,,,,,,,,,FF_SEED=58 FF_COOLDOWN_FRAC=0.60 FF_ADAMW_LR_SCALE=1.7
B,1412_R_unemb012_s58,1579,0.986597608950875,0.986982,1,0,,,,,,,,,,,,,,,,,,,,,,,,,,,,,,,,,,,,,,,,,,,,,58,,,,,,0.012,,,,,,,,FF_SEED=58 FF_UNEMB_LR=0.012
A,0243_D_s115,1548,0.9879297140680698,0.986991,1,0,,,,,,,,,,,,,,,,,,,,,,,,,,,,,,,,,,,,,,,,,,,,,115,,,,,,,,,,,,,,FF_SEED=115
A,2157_R_floor3_s58,1558,0.9875410651543503,0.987029,1,0,,,,,,,,,,,,,3,,,,,,,,,,,,,,,,,,,,,,,,,,,,,,,,58,,,,,,,,,,,,,,FF_SEED=58 FF_COOLDOWN_FLOOR=3
B,1927_D_s65,1570,0.9870401819338361,0.98704,1,0,,,,,,,,,,,,,,,,,,,,,,,,,,,,,,,,,,,,,,,,,,,,,65,,,,,,,,,,,,,,FF_SEED=65
B,1751_C_s59,1568,0.9871427838710053,0.987057,1,0,,,,,,,,,,,,,,,,,,,,,,,,,,,,,,,,,,,,,,,,,,,,,59,,,,,,,,,,,,,,FF_SEED=59
A,0032_R_scalarlr05_s58,1560,0.987520424362296,0.987094,1,0,,,,,,,,,,,,,,,,,,,,,,,,,,,,,,,,,,,,,,,,,,,0.05,,58,,,,,,,,,,,,,,FF_SEED=58 FF_SCALAR_LR=0.05
B,1741_D_s170,1571,0.9870661549305043,0.987109,1,0,,,,,,,,,,,,,,,,,,,,,,,,,,,,,,,,,,,,,,,,,,,,,170,,,,,,,,,,,,,,FF_SEED=170
A,0140_D_s113,1553,0.9878456028404492,0.98712,1,0,,,,,,,,,,,,,,,,,,,,,,,,,,,,,,,,,,,,,,,,,,,,,113,,,,,,,,,,,,,,FF_SEED=113
A,2325_D_s62,1557,0.9876772943819077,0.987123,1,0,,,,,,,,,,,,,,,,,,,,,,,,,,,,,,,,,,,,,,,,,,,,,62,,,,,,,,,,,,,,FF_SEED=62
B,2134_D_s69,1573,0.9870018244619355,0.98713,1,0,,,,,,,,,,,,,,,,,,,,,,,,,,,,,,,,,,,,,,,,,,,,,69,,,,,,,,,,,,,,FF_SEED=69
A,1653_D_s85,1542,0.9883319515032252,0.987137,1,0,,,,,,,,,,,,,,,,,,,,,,,,,,,,,,,,,,,,,,,,,,,,,85,,,,,,,,,,,,,,FF_SEED=85
A,2125_R_cd060_s63,1557,0.9877013753059708,0.987147,1,0,,,,,,,,,,,,,,0.60,,,,,,,,,,,,,,,,,,,,,,,,,,,,,,,63,,,,,,,,,,,,,,FF_SEED=63 FF_COOLDOWN_FRAC=0.60
B,0016_R_scalarlr10_s58,1567,0.9872803031480661,0.987152,1,0,,,,,,,,,,,,,,,,,,,,,,,,,,,,,,,,,,,,,,,,,,,0.10,,58,,,,,,,,,,,,,,FF_SEED=58 FF_SCALAR_LR=0.10
A,1009_D_s123,1571,0.9871934398148382,0.987236,1,0,,,,,,,,,,,,,,,,,,,,,,,,,,,,,,,,,,,,,,,,,,,,,123,,,,,,,,,,,,,,FF_SEED=123
B,2310_D_s72,1572,0.987195675900644,0.987281,1,0,,,,,,,,,,,,,,,,,,,,,,,,,,,,,,,,,,,,,,,,,,,,,72,,,,,,,,,,,,,,FF_SEED=72
B,1005_D_s142,1582,0.9867751197625407,0.987287,1,0,,,,,,,,,,,,,,,,,,,,,,,,,,,,,,,,,,,,,,,,,,,,,142,,,,,,,,,,,,,,FF_SEED=142
A,1145_D_s126,1561,0.9877019773290724,0.987318,1,0,,,,,,,,,,,,,,,,,,,,,,,,,,,,,,,,,,,,,,,,,,,,,126,,,,,,,,,,,,,,FF_SEED=126
B,1058_D_s100,1571,0.9873686285373978,0.987411,1,0,,,,,,,,,,,,,,,,,,,,,,,,,,,,,,,,,,,,,,,,,,,,,100,,,,,,,,,,,,,,FF_SEED=100
A,2147_D_s60,1552,0.988334961618733,0.987567,1,0,,,,,,,,,,,,,,,,,,,,,,,,,,,,,,,,,,,,,,,,,,,,,60,,,,,,,,,,,,,,FF_SEED=60
A,1025_R_lrstack_s63,1579,0.9872246590128201,0.987609,1,0,,1.0,,,,,,,,,,,,0.50,,,,,,,,,,,,,,,1.6,,,,,,,,,,,,,,,,63,,,,,,,,,,,,,,FF_SEED=63 FF_MATRIX_LR_SCALE=1.6 FF_ADAMW_LR_SCALE=1.0 FF_COOLDOWN_FRAC=0.50
B,0556_M_backout_s58,1581,0.9871507821779263,0.98762,1,0,,,,1,,,,,,,,,,,,,,,,,,,,,,,,,,,,,,,,,,,,,,,,,58,,,,,,,,,,,,,,FF_SEED=58 FF_BACKOUT=1
B,2319_D_s97,1562,0.9879620513089546,0.987621,1,0,,,,,,,,,,,,,,,,,,,,,,,,,,,,,,,,,,,,,,,,,,,,,97,,,,,,,,,,,,,,FF_SEED=97
A,0921_M_ns4_s58,1571,0.9875790786130499,0.987622,1,0,,,,,,,,,,,,,,,,,,,,,,,,,,,,,,,,,,,,,,4,,,,,,,58,,,,,,,,,,,,,,FF_SEED=58 FF_NS_STEPS=4
A,0547_M_backout_s58,1553,0.9883553444008866,0.98763,1,0,,,,1,,,,,,,,,,,,,,,,,,,,,,,,,,,,,,,,,,,,,,,,,58,,,,,,,,,,,,,,FF_SEED=58 FF_BACKOUT=1
A,1355_R_apow20_s58,1565,0.9878628035004943,0.987649,1,0,2.0,,,,,,,,,,,,,0.60,,,,,,,,,,,,,,,,,,,,,,,,,,,,,,,58,,,,,,,,,,,,,,FF_SEED=58 FF_COOLDOWN_FRAC=0.60 FF_ADAMW_LR_POW=2.0
A,1427_D_s127,1561,0.9880625031636182,0.987678,1,0,,,,,,,,,,,,,,,,,,,,,,,,,,,,,,,,,,,,,,,,,,,,,127,,,,,,,,,,,,,,FF_SEED=127
A,2357_D_s63,1553,0.9884433257770173,0.987718,1,0,,,,,,,,,,,,,,,,,,,,,,,,,,,,,,,,,,,,,,,,,,,,,63,,,,,,,,,,,,,,FF_SEED=63
B,0726_R_cd060_wd010_s58,1584,0.9871322054650775,0.98773,1,0,,,,,,,,,,,,,,0.60,,,,,,,,,,,,,,,,,,,,,,,,,,,,,,,58,,,,,,,,,,,0.10,,,FF_SEED=58 FF_COOLDOWN_FRAC=0.60 FF_WD=0.10
B,1826_D_s95,1573,0.9876036755569145,0.987732,1,0,,,,,,,,,,,,,,,,,,,,,,,,,,,,,,,,,,,,,,,,,,,,,95,,,,,,,,,,,,,,FF_SEED=95
B,0054_D_s130,1569,0.9878253920648962,0.987783,1,0,,,,,,,,,,,,,,,,,,,,,,,,,,,,,,,,,,,,,,,,,,,,,130,,,,,,,,,,,,,,FF_SEED=130
B,1651_D_s92,1582,0.9875272186230138,0.988039,1,0,,,,,,,,,,,,,,,,,,,,,,,,,,,,,,,,,,,,,,,,,,,,,92,,,,,,,,,,,,,,FF_SEED=92
B,1036_D_s143,1583,0.9874999555768423,0.988055,1,0,,,,,,,,,,,,,,,,,,,,,,,,,,,,,,,,,,,,,,,,,,,,,143,,,,,,,,,,,,,,FF_SEED=143
B,2351_D_s98,1568,0.9881663091469906,0.988081,1,0,,,,,,,,,,,,,,,,,,,,,,,,,,,,,,,,,,,,,,,,,,,,,98,,,,,,,,,,,,,,FF_SEED=98
B,1723_D_s93,1576,0.987932810186878,0.988189,1,0,,,,,,,,,,,,,,,,,,,,,,,,,,,,,,,,,,,,,,,,,,,,,93,,,,,,,,,,,,,,FF_SEED=93
A,2219_D_s61,1550,0.9890963488356306,0.988243,1,0,,,,,,,,,,,,,,,,,,,,,,,,,,,,,,,,,,,,,,,,,,,,,61,,,,,,,,,,,,,,FF_SEED=61
A,2229_D_s89,1559,0.9888063457072698,0.988337,1,0,,,,,,,,,,,,,,,,,,,,,,,,,,,,,,,,,,,,,,,,,,,,,89,,,,,,,,,,,,,,FF_SEED=89
B,1638_D_s148,1581,0.9879901743881285,0.98846,1,0,,,,,,,,,,,,,,,,,,,,,,,,,,,,,,,,,,,,,,,,,,,,,148,,,,,,,,,,,,,,FF_SEED=148
A,0208_R_rope1k_s58,1557,0.9890246220832424,0.98847,1,0,,,,,,,,,,,,,,,,,,,,,,,,,,,,,,,,,,,,,,,,,,1024,,,58,,,,,,,,,,,,,,FF_SEED=58 FF_ROPE_BASE=1024
A,0937_D_s122,1569,0.9885595162356222,0.988517,1,0,,,,,,,,,,,,,,,,,,,,,,,,,,,,,,,,,,,,,,,,,,,,,122,,,,,,,,,,,,,,FF_SEED=122
B,0758_D_s138,1578,0.9882394119521823,0.988581,1,0,,,,,,,,,,,,,,,,,,,,,,,,,,,,,,,,,,,,,,,,,,,,,138,,,,,,,,,,,,,,FF_SEED=138
A,1903_D_s88,1557,0.9891426186111519,0.988588,1,0,,,,,,,,,,,,,,,,,,,,,,,,,,,,,,,,,,,,,,,,,,,,,88,,,,,,,,,,,,,,FF_SEED=88
B,1755_D_s94,1576,0.9884536461730444,0.98871,1,0,,,,,,,,,,,,,,,,,,,,,,,,,,,,,,,,,,,,,,,,,,,,,94,,,,,,,,,,,,,,FF_SEED=94
A,0320_AUTO_s81,1565,0.9890315023472604,0.988818,1,0,,,,,,,,,,,,,,,,,,,,,,,,,,,,,,,,,,,,,,,,,,,,,81,,,,,,,,,,,,,,FF_SEED=81
B,2206_D_s70,1575,0.9888608717996128,0.989074,1,0,,,,,,,,,,,,,,,,,,,,,,,,,,,,,,,,,,,,,,,,,,,,,70,,,,,,,,,,,,,,FF_SEED=70
A,0036_D_s111,1561,0.989501682389594,0.989118,1,0,,,,,,,,,,,,,,,,,,,,,,,,,,,,,,,,,,,,,,,,,,,,,111,,,,,,,,,,,,,,FF_SEED=111
B,0230_R_rope1k_s67,1579,0.9887402091693962,0.989124,1,0,,,,,,,,,,,,,,,,,,,,,,,,,,,,,,,,,,,,,,,,,,1024,,,67,,,,,,,,,,,,,,FF_SEED=67 FF_ROPE_BASE=1024
B,1901_D_s96,1580,0.9887312648261728,0.989158,1,0,,,,,,,,,,,,,,,,,,,,,,,,,,,,,,,,,,,,,,,,,,,,,96,,,,,,,,,,,,,,FF_SEED=96
B,0933_D_s141,1583,0.9886825869582451,0.989237,1,0,,,,,,,,,,,,,,,,,,,,,,,,,,,,,,,,,,,,,,,,,,,,,141,,,,,,,,,,,,,,FF_SEED=141
A,1320_R_apow05_s58,1563,0.9895398678548941,0.989241,1,0,0.5,,,,,,,,,,,,,0.60,,,,,,,,,,,,,,,,,,,,,,,,,,,,,,,58,,,,,,,,,,,,,,FF_SEED=58 FF_COOLDOWN_FRAC=0.60 FF_ADAMW_LR_POW=0.5
B,0306_R_warm10_s58,1581,0.989207809112723,0.989677,1,0,,,,,,,,,,,,,,,,,,,,,,,,,,,,,,,,,,,,,,,,,,,,,58,,,,,,,,,,10,,,,FF_SEED=58 FF_WARMUP=10
B,1454_S_d6w1024_s58,1600,0.9884820272621189,0.989762,1,0,,,171,,,,,,,,,,,0.60,,6,,,,,,,,,,,,,,,,,,,,,,,,,,,,,58,,,,,,,,,,,,,,FF_SEED=58 FF_COOLDOWN_FRAC=0.60 FF_DEPTH=6 FF_ASPECT_RATIO=171
A,1621_D_s84,1542,0.9909602123581205,0.989765,1,0,,,,,,,,,,,,,,,,,,,,,,,,,,,,,,,,,,,,,,,,,,,,,84,,,,,,,,,,,,,,FF_SEED=84
A,1413_R_momc095_s58,1553,0.993011477071802,0.992286,1,0,,,,,,,,,,,,,,,,,,,,,,,,,,,,,,,,,0.95,,,,,,,,,,,,58,,,,,,,,,,,,,,FF_SEED=58 FF_MUON_MOM_CONST=0.95
A,2319_L_cd050_s58,1557,0.9953478427257316,0.994793,1,0,,,,,,,,,,,,,,0.50,,,,,,,,,,,,,,,,,,,,,,,,,,,,,,,58,,,,,,,,,,,,,,FF_SEED=58 FF_COOLDOWN_FRAC=0.50
B,2307_L_cd050_s58,1576,0.9946296291655473,0.994886,1,0,,,,,,,,,,,,,,0.50,,,,,,,,,,,,,,,,,,,,,,,,,,,,,,,58,,,,,,,,,,,,,,FF_SEED=58 FF_COOLDOWN_FRAC=0.50
A,2106_L_cd045_s58,1558,0.9956429200488057,0.995131,1,0,,,,,,,,,,,,,,0.45,,,,,,,,,,,,,,,,,,,,,,,,,,,,,,,58,,,,,,,,,,,,,,FF_SEED=58 FF_COOLDOWN_FRAC=0.45
B,2049_L_cd045_s58,1582,0.994753387914572,0.995265,1,0,,,,,,,,,,,,,,0.45,,,,,,,,,,,,,,,,,,,,,,,,,,,,,,,58,,,,,,,,,,,,,,FF_SEED=58 FF_COOLDOWN_FRAC=0.45
B,0011_L_cd045_s59,1592,0.9945234150897687,0.995462,1,0,,,,,,,,,,,,,,0.45,,,,,,,,,,,,,,,,,,,,,,,,,,,,,,,59,,,,,,,,,,,,,,FF_SEED=59 FF_COOLDOWN_FRAC=0.45
B,1913_L_muon16_s58,1585,0.9951890806335151,0.995829,1,0,,,,,,,,,,,,,,,,,,,,,,,,,,,,,1.6,,,,,,,,,,,,,,,,58,,,,,,,,,,,,,,FF_SEED=58 FF_MATRIX_LR_SCALE=1.6
B,1842_L_cd040_s58,1594,0.9948479915448202,0.995872,1,0,,,,,,,,,,,,,,0.40,,,,,,,,,,,,,,,,,,,,,,,,,,,,,,,58,,,,,,,,,,,,,,FF_SEED=58 FF_COOLDOWN_FRAC=0.40
B,2017_L_cd040_s59,1583,0.9953468106861288,0.995902,1,0,,,,,,,,,,,,,,0.40,,,,,,,,,,,,,,,,,,,,,,,,,,,,,,,59,,,,,,,,,,,,,,FF_SEED=59 FF_COOLDOWN_FRAC=0.40
A,1815_C_s58,1526,0.9983935635999222,0.996516,1,0,,,,,,,,,,,,,,,,,,,,,,,,,,,,,,,,,,,,,,,,,,,,,58,,,,,,,,,,,,,,FF_SEED=58
B,1515_H256ss_s52,1549,0.997625468125607,0.996729,1,0,,,,,,,,,,,,,,,,,,,,,,,,,,,,,,,,,,,,,,,,,,,,1,52,,,,,,,,,,,,,,FF_SEED=52 FF_SCALAR_STACK=1
B,1657_SS_s58,1598,0.9955582928013837,0.996753,1,0,,,,,,,,,,,,,,,,,,,,,,,,,,,,,,,,,,,,,,,,,,,,,58,,,,,,,,,,,,,,FF_SEED=58
B,1945_S_ema8_s58,1600,0.995497402464824,0.996778,1,0,,,,,,,,,,,,,,,,,,8,,,,,,,,,,,,,,,,,,,,,,,,,,,58,,,,,,,,,,,,,,FF_SEED=58 FF_EMA_EVERY=8
B,1547_SS_s57,1550,0.9976566013202887,0.996803,1,0,,,,,,,,,,,,,,,,,,,,,,,,,,,,,,,,,,,,,,,,,,,,,57,,,,,,,,,,,,,,FF_SEED=57
B,1733_F_s59,1590,0.9959752368008776,0.996829,1,0,,,,,,,,,,,,,,,,,,,,,,,,,,,,,,,,,,,,,,,,,,,,,59,,,,,,,,,,,,,,FF_SEED=59
A,2002_L_muon25_s58,1548,0.9980954761613401,0.997157,1,0,,,,,,,,,,,,,,,,,,,,,,,,,,,,,2.5,,,,,,,,,,,,,,,,58,,,,,,,,,,,,,,FF_SEED=58 FF_MATRIX_LR_SCALE=2.5
A,2034_L_cd040_s55,1558,0.9982540662469562,0.997742,1,0,,,,,,,,,,,,,,0.40,,,,,,,,,,,,,,,,,,,,,,,,,,,,,,,55,,,,,,,,,,,,,,FF_SEED=55 FF_COOLDOWN_FRAC=0.40
A,1401_H256ss_s53,1525,1.0001494069773287,0.998229,1,0,,,,,,,,,,,,,,,,,,,,,,,,256,,,,,,,,,,,,,,,,,,,,1,53,,,,,,,,,,,,,,FF_SEED=53 FF_HEAD_DIM=256 FF_SCALAR_STACK=1
B,1411_H256ss_s53,1547,0.9992410401203455,0.99826,1,0,,,,,,,,,,,,,,,,,,,,,,,,256,,,,,,,,,,,,,,,,,,,,1,53,,,,,,,,,,,,,,FF_SEED=53 FF_HEAD_DIM=256 FF_SCALAR_STACK=1
A,1509_H256ssfce8_s53,1547,0.9992747534140339,0.998293,1,0,,,,,,,,,,,,,,,,,,,,,,8,,,,,,,,,,,,,,,,,,,,,,,53,,,,,,,,,,,,,,FF_SEED=53 FF_FUSED_CE=8
A,1627_H384_s53,1543,0.9995448897800427,0.998393,1,0,,,,,,,,,,,,,,,,,,,,,,,,384,,,,,,,,,,,,,,,,,,,,,53,,,,,,,,,,,,,,FF_SEED=53 FF_HEAD_DIM=384
A,1711_SS_s55,1545,0.9997109621527784,0.998644,1,0,,,,,,,,,,,,,,,,,,,,,,,,,,,,,,,,,,,,,,,,,,,,,55,,,,,,,,,,,,,,FF_SEED=55
A,1743_SS_s56,1527,1.0012514532664198,0.999416,1,0,,,,,,,,,,,,,,,,,,,,,,,,,,,,,,,,,,,,,,,,,,,,,56,,,,,,,,,,,,,,FF_SEED=56
B,1443_H256ss_s50,1550,1.000439238099089,0.999586,1,0,,,,,,,,,,,,,,,,,,,,,,,,,,,,,,,,,,,,,,,,,,,,1,50,,,,,,,,,,,,,,FF_SEED=50 FF_SCALAR_STACK=1
B,1233_R_momc098_s58,1579,1.0060025335807845,1.006387,1,0,,,,,,,,,,,,,,,,,,,,,,,,,,,,,,,,,0.98,,,,,,,,,,,,58,,,,,,,,,,,,,,FF_SEED=58 FF_MUON_MOM_CONST=0.98
A,0646_G3_d12w640,1081,1.0985478468446805,,0,0,,,53,,,,,,,,,,,,,,,,,,,,,,,,,,,,,,,,,,,,,,,,,,,,,,,,,,,,,,,,FF_ASPECT_RATIO=53
A,0730_S1_stream,938,1.0491468631686753,,0,0,,,,,,,,,,,,,,,,,,,,,,,,,,,,,,,,,,,,,,,,,,,,,,,,1,,,,,,,,,,,FF_STREAM_ROWS=1
A,0809_K27_bos1,928,1.047437633579991,,0,0,,,,,,,,1,,,,,,,,,,,,,,,,,,,,,,,,,,,,,,,,,,,,,,,,,,,,,,,,,,,FF_BOS_MODE=1
A,1002_VE3_stream,868,1.0473469861015532,,0,0,,,,,,,,,,,,,,,,,,,,,,,,,,,,,,,,,,,,,,,,,,,,,,,,1,,,,3,,,,,,,FF_STREAM_ROWS=1 FF_VALUE_EMBED=3
A,1042_S3_stream_bos1,936,1.0486589664464954,,0,0,,,,,,,,1,,,,,,,,,,,,,,,,,,,,,,,,,,,,,,,,,,,,,,,,1,,,,,,,,,,,FF_STREAM_ROWS=1 FF_BOS_MODE=1
A,1121_S51_K29,937,1.0437451678881038,,0,0,,,,,,,,,,,,,,,,,,,,,,,,,,,,,,,,,,,,,,,,,,,,,51,,,1,,,,,,,,,,,FF_STREAM_ROWS=1 FF_SEED=51
A,1152_S52_K29,935,1.0518311121720174,,0,0,,,,,,,,,,,,,,,,,,,,,,,,,,,,,,,,,,,,,,,,,,,,,52,,,1,,,,,,,,,,,FF_STREAM_ROWS=1 FF_SEED=52
A,1224_S53_K29,935,1.0521074407756426,,0,0,,,,,,,,,,,,,,,,,,,,,,,,,,,,,,,,,,,,,,,,,,,,,53,,,1,,,,,,,,,,,FF_STREAM_ROWS=1 FF_SEED=53
A,1255_S54_K29,933,1.0467119377326872,,0,0,,,,,,,,,,,,,,,,,,,,,,,,,,,,,,,,,,,,,,,,,,,,,54,,,1,,,,,,,,,,,FF_STREAM_ROWS=1 FF_SEED=54
A,1327_S55_K29,934,1.0518891643996697,,0,0,,,,,,,,,,,,,,,,,,,,,,,,,,,,,,,,,,,,,,,,,,,,,55,,,1,,,,,,,,,,,FF_STREAM_ROWS=1 FF_SEED=55
A,1358_VE1_stream,904,1.0436313855219053,,0,0,,,,,,,,,,,,,,,,,,,,,,,,,,,,,,,,,,,,,,,,,,,,,,,,1,,,,1,,,,,,,FF_STREAM_ROWS=1 FF_VALUE_EMBED=1
A,1519_VE1s51_stream,905,1.0415200905046662,,0,0,,,,,,,,,,,,,,,,,,,,,,,,,,,,,,,,,,,,,,,,,,,,,51,,,1,,,,1,,,,,,,FF_STREAM_ROWS=1 FF_VALUE_EMBED=1 FF_SEED=51
A,1559_VE2_stream,886,1.04902284640975,,0,0,,,,,,,,,,,,,,,,,,,,,,,,,,,,,,,,,,,,,,,,,,,,,,,,1,,,,2,,,,,,,FF_STREAM_ROWS=1 FF_VALUE_EMBED=2
A,1747_VE1s52_stream,904,1.0436536603766637,,0,0,,,,,,,,,,,,,,,,,,,,,,,,,,,,,,,,,,,,,,,,,,,,,52,,,1,,,,1,,,,,,,FF_STREAM_ROWS=1 FF_VALUE_EMBED=1 FF_SEED=52
A,1818_VE1s53_stream,905,1.0375941258526662,,0,0,,,,,,,,,,,,,,,,,,,,,,,,,,,,,,,,,,,,,,,,,,,,,53,,,1,,,,1,,,,,,,FF_STREAM_ROWS=1 FF_VALUE_EMBED=1 FF_SEED=53
A,1849_VE1s54_stream,903,1.041953805147704,,0,0,,,,,,,,,,,,,,,,,,,,,,,,,,,,,,,,,,,,,,,,,,,,,54,,,1,,,,1,,,,,,,FF_STREAM_ROWS=1 FF_VALUE_EMBED=1 FF_SEED=54
A,2003_VE1s55_stream,914,1.0398643549687223,,0,0,,,,,,,,,,,,,,,,,,,,,,,,,,,,,,,,,,,,,,,,,,,,,55,,,1,,,,1,,,,,,,FF_STREAM_ROWS=1 FF_VALUE_EMBED=1 FF_SEED=55
A,2043_T0_prof_K31,119,1.7290316765545781,,0,1,,,,,,,,,,,,,,,,,,,,,,,,,,,,,,,,,,,,,,,1,,,,,,51,,,,,,,,,,,,120,,FF_SEED=51 NEURON_COMPETITION_R1_NUM_STEPS=120 FF_PROFILE=1
A,2049_T0_prof_VE0,119,1.727619846378074,,0,1,,,,,,,,,,,,,,,,,,,,,,,,,,,,,,,,,,,,,,,1,,,,,,51,,,,,,,0,,,,,120,,FF_SEED=51 FF_VALUE_EMBED=0 NEURON_COMPETITION_R1_NUM_STEPS=120 FF_PROFILE=1
A,2102_P3_nosync,119,1.7290316765545781,,0,1,,,,,,,,,,,,0,,,,,,,,,,,,,,,,,,,,,,,,,,,,,,,,,51,,,,,,,,,,,,120,,FF_SEED=51 NEURON_COMPETITION_R1_NUM_STEPS=120 FF_COMPILE_SYNC=0
A,2120_SP2b_stackonly,119,1.7290316765545781,,0,1,,,,,,,,,,,,,,,,,,,,,,,,,,,,,,,,,,,1,,,,1,,,,,,51,,,,,,,,,,,,120,,FF_SEED=51 NEURON_COMPETITION_R1_NUM_STEPS=120 FF_PROFILE=1 FF_MUON_STACK=1
A,2128_S56_K31,915,1.0362727711479995,,0,0,,,,,,,,,,,,,,,,,,,,,,,,,,,,,,,,,,,,,,,,,,,,,56,,,,,,,,,,,,,,FF_SEED=56
A,2200_S57_K31,911,1.0408041990335881,,0,0,,,,,,,,,,,,,,,,,,,,,,,,,,,,,,,,,,,,,,,,,,,,,57,,,,,,,,,,,,,,FF_SEED=57
A,2231_SCQ_qkgain,119,1.7124313195450265,,0,1,,,,,,,,,,,,,,,,,,,,,,,,,,,,,,,,,,,,,,,1,,1.44,,,,51,,,,,,,,,,,,120,,FF_SEED=51 NEURON_COMPETITION_R1_NUM_STEPS=120 FF_PROFILE=1 FF_QK_GAIN=1.44
A,2246_SCB_bigram,119,1.6556072190199462,,0,1,,,,,,65536,,,,,,,,,,,,,,,,,,,,,,,,,,,,,,,,,1,,,,,,51,,,,,,,,,,,,120,,FF_SEED=51 NEURON_COMPETITION_R1_NUM_STEPS=120 FF_PROFILE=1 FF_BIGRAM=65536
A,2301_SCL_lit,119,1.7390531251100696,,0,1,,,,,,,,,,,,,,,,,,,,,,,,,,,1,,,,,,,,,,,,1,,,,,,51,,,,,,,,,,,,120,,FF_SEED=51 NEURON_COMPETITION_R1_NUM_STEPS=120 FF_PROFILE=1 FF_LIT=1
A,2316_SCM_streammix,119,1.723854621894196,,0,1,,,,,,,,,,,,,,,,,,,,,,,,,,,,,,,,,,,,,,,1,,,,,,51,,8,,,,,,,,,,120,,FF_SEED=51 NEURON_COMPETITION_R1_NUM_STEPS=120 FF_PROFILE=1 FF_STREAM_MIX=8
A,2330_SCB2_bigram_small,119,1.6966497139536227,,0,1,,,,,,16384,64,,,,,,,,,,,,,,,,,,,,,,,,,,,,,,,,1,,,,,,51,,,,,,,,,,,,120,,FF_SEED=51 NEURON_COMPETITION_R1_NUM_STEPS=120 FF_PROFILE=1 FF_BIGRAM=16384 FF_BIGRAM_DIM=64
A,0027_FQ_qkgain_s50,918,1.0390818969432696,,0,0,,,,,,,,,,,,,,,,,,,,,,,,,,,,,,,,,,,,,,,,,1.44,,,,50,,,,,,,,,,,,,,FF_SEED=50 FF_QK_GAIN=1.44
A,0141_PT_trace,39,2.6266804582503926,,0,1,,,,,,,,,,,,,,,,,,,,,,,,,,,,,,,,,,,,,,,,1,,,,,51,,,,,,,,,,,,40,,FF_SEED=51 NEURON_COMPETITION_R1_NUM_STEPS=40 FF_PROFILE_TRACE=1
A,0223_KC_tt1000,517,1.1013438141350158,,0,0,,,,,,,,,,,,,,,,,,,,,,,,,,,,,,,,,,,,,,,,,,,,,51,,,,1000,,,,,,,,,,FF_SEED=51 FF_TIME_TARGET=1000
A,0242_KC_tt1400,724,1.0627857825382574,,0,0,,,,,,,,,,,,,,,,,,,,,,,,,,,,,,,,,,,,,,,,,,,,,51,,,,1400,,,,,,,,,,FF_SEED=51 FF_TIME_TARGET=1400
A,0307_FQ_qkgain_s51,919,1.0376903635456187,,0,0,,,,,,,,,,,,,,,,,,,,,,,,,,,,,,,,,,,,,,,,,1.44,,,,51,,,,,,,,,,,,,,FF_SEED=51 FF_QK_GAIN=1.44
A,0347_BF_bf16params,119,1.7452066612412138,,0,1,,,,,1,,,,,,,,,,,,,,,,,,,,,,,,,,,,,,,,,,1,,,,,,51,,,,,,,,,,,,120,,FF_SEED=51 NEURON_COMPETITION_R1_NUM_STEPS=120 FF_PROFILE=1 FF_BF16_PARAMS=1
A,0401_BFnosr_bf16_nosr,119,1.7311366933309007,,0,1,,,,,1,,,,,,,,,,,,,,,,,,,,,,,,,,,,,,,,,,1,,,,,,51,,,,,,,,,,,,120,0,FF_SEED=51 NEURON_COMPETITION_R1_NUM_STEPS=120 FF_PROFILE=1 FF_BF16_PARAMS=1 NEURON_RT_STOCHASTIC_ROUNDING_EN=0
A,0423_FM_mix_s50,914,1.0395251579526323,,0,0,,,,,,,,,,,,,,,,,,,,,,,,,,,,,,,,,,,,,,,,,,,,,50,,8,,,,,,,,,,,,FF_SEED=50 FF_STREAM_MIX=8
A,0502_FM_mix_s51,915,1.0387973980261231,,0,0,,,,,,,,,,,,,,,,,,,,,,,,,,,,,,,,,,,,,,,,,,,,,51,,8,,,,,,,,,,,,FF_SEED=51 FF_STREAM_MIX=8
A,0534_FBs_bigram_small_s50,858,1.0499251930357172,,0,0,,,,,,16384,64,,,,,,,,,,,,,,,,,,,,,,,,,,,,,,,,,,,,,,50,,,,,,,,,,,,,,FF_SEED=50 FF_BIGRAM=16384 FF_BIGRAM_DIM=64
A,0614_FBs_bigram_small_s51,859,1.047830152642221,,0,0,,,,,,16384,64,,,,,,,,,,,,,,,,,,,,,,,,,,,,,,,,,,,,,,51,,,,,,,,,,,,,,FF_SEED=51 FF_BIGRAM=16384 FF_BIGRAM_DIM=64
A,0645_FB_bigram_s50,815,1.0521056347063378,,0,0,,,,,,65536,,,,,,,,,,,,,,,,,,,,,,,,,,,,,,,,,,,,,,,50,,,,,,,,,,,,,,FF_SEED=50 FF_BIGRAM=65536
A,0726_FB_bigram_s51,814,1.050246071348859,,0,0,,,,,,65536,,,,,,,,,,,,,,,,,,,,,,,,,,,,,,,,,,,,,,,51,,,,,,,,,,,,,,FF_SEED=51 FF_BIGRAM=65536
A,1500_S50_K34,905,1.0385491925016719,,0,0,,,,,,,,,,,,,,,,,,,,,,,,,,,,,,,,,,,,,,,,,,,,,50,,,,,,,,,,,,,,FF_SEED=50
A,1541_S51_K34,904,1.037625689063849,,0,0,,,,,,,,,,,,,,,,,,,,,,,,,,,,,,,,,,,,,,,,,,,,,51,,,,,,,,,,,,,,FF_SEED=51
A,1613_S53_K34,905,1.032622533076523,,0,0,,,,,,,,,,,,,,,,,,,,,,,,,,,,,,,,,,,,,,,,,,,,,53,,,,,,,,,,,,,,FF_SEED=53
A,1646_GQ0_control,119,1.701367855004001,,0,1,,,,,,,,,,,,,,,,,,,,,,,,,,,,,,,,,,,,,,,1,,,,,,51,,,,,,,,,,,,120,,FF_SEED=51 NEURON_COMPETITION_R1_NUM_STEPS=120 FF_PROFILE=1
A,1701_GQ1_kv1,119,1.7243441526790801,,0,1,,,,,,,,,,,,,,,,,,,,,,,,,1,,,,,,,,,,,,,,1,,,,,,51,,,,,,,,,,,,120,,FF_SEED=51 NEURON_COMPETITION_R1_NUM_STEPS=120 FF_PROFILE=1 FF_KV_HEADS=1
A,1714_GQ2_kv2,119,1.7115023118959891,,0,1,,,,,,,,,,,,,,,,,,,,,,,,,2,,,,,,,,,,,,,,1,,,,,,51,,,,,,,,,,,,120,,FF_SEED=51 NEURON_COMPETITION_R1_NUM_STEPS=120 FF_PROFILE=1 FF_KV_HEADS=2
A,1728_FGQ1_kv1_s53,1099,1.0231428193091527,,0,0,,,,,,,,,,,,,,,,,,,,,,,,,1,,,,,,,,,,,,,,,,,,,,53,,,,,,,,,,,,,,FF_SEED=53 FF_KV_HEADS=1
A,1800_FGQ1_kv1_s51,1100,1.0275017245744884,,0,0,,,,,,,,,,,,,,,,,,,,,,,,,1,,,,,,,,,,,,,,,,,,,,51,,,,,,,,,,,,,,FF_SEED=51 FF_KV_HEADS=1
A,1832_FGQ1_kv1_s50,1103,1.0237708154074003,,0,0,,,,,,,,,,,,,,,,,,,,,,,,,1,,,,,,,,,,,,,,,,,,,,50,,,,,,,,,,,,,,FF_SEED=50 FF_KV_HEADS=1
A,2008_GQ3_kv1_sdpa,119,1.7235219611289232,,0,1,,,,,,,,,,,,,,,,,,,,,,,,,1,1,,,,,,,,,,,,,1,,,,,,51,,,,,,,,,,,,120,,FF_SEED=51 NEURON_COMPETITION_R1_NUM_STEPS=120 FF_PROFILE=1 FF_KV_HEADS=1 FF_KV_SDPA=1
A,2020_GB_batch328_s53,935,1.023100247675541,,0,0,,,,,,,,,,,,,,,,,,,,,,,,,1,,,,,,,,,,,,,,,,,,,,53,,,,,327680,,,,,,,,,FF_SEED=53 FF_KV_HEADS=1 FF_TOTAL_BATCH=327680
A,2052_FGQS_kv1sdpa_s53,1144,1.0200304458772873,,0,0,,,,,,,,,,,,,,,,,,,,,,,,,1,1,,,,,,,,,,,,,,,,,,,53,,,,,,,,,,,,,,FF_SEED=53 FF_KV_HEADS=1 FF_KV_SDPA=1
A,2125_FGQS_kv1sdpa_s51,1142,1.0243203764958422,,0,0,,,,,,,,,,,,,,,,,,,,,,,,,1,1,,,,,,,,,,,,,,,,,,,51,,,,,,,,,,,,,,FF_SEED=51 FF_KV_HEADS=1 FF_KV_SDPA=1
A,2157_GD_depth13_s53,1040,1.0261035689227205,,0,0,,,59,,,,,,,,,,,,,13,,,,,,,,,1,,,,,,,,,,,,,,,,,,,,53,,,,,,,,,,,,,,FF_SEED=53 FF_KV_HEADS=1 FF_DEPTH=13 FF_ASPECT_RATIO=59
A,2236_FGQ2_kv2_s53,1042,1.0276683989703257,,0,0,,,,,,,,,,,,,,,,,,,,,,,,,2,,,,,,,,,,,,,,,,,,,,53,,,,,,,,,,,,,,FF_SEED=53 FF_KV_HEADS=2
A,2316_S50_K36,1139,1.0213693452552,,0,0,,,,,,,,,,,,,,,,,,,,,,,,,,,,,,,,,,,,,,,,,,,,,50,,,,,,,,,,,,,,FF_SEED=50
A,2348_S51_K36,1138,1.0246079715317966,,0,0,,,,,,,,,,,,,,,,,,,,,,,,,,,,,,,,,,,,,,,,,,,,,51,,,,,,,,,,,,,,FF_SEED=51
A,0020_S52_K36,1141,1.0205616022594808,,0,0,,,,,,,,,,,,,,,,,,,,,,,,,,,,,,,,,,,,,,,,,,,,,52,,,,,,,,,,,,,,FF_SEED=52
A,0053_S54_K36,1143,1.0242853731526502,,0,0,,,,,,,,,,,,,,,,,,,,,,,,,,,,,,,,,,,,,,,,,,,,,54,,,,,,,,,,,,,,FF_SEED=54
A,0125_S55_K36,1140,1.0217907614263055,,0,0,,,,,,,,,,,,,,,,,,,,,,,,,,,,,,,,,,,,,,,,,,,,,55,,,,,,,,,,,,,,FF_SEED=55
A,0157_S56_K36,1135,1.0224594370855598,,0,0,,,,,,,,,,,,,,,,,,,,,,,,,,,,,,,,,,,,,,,,,,,,,56,,,,,,,,,,,,,,FF_SEED=56
A,0230_S57_K36,1135,1.021246188529277,,0,0,,,,,,,,,,,,,,,,,,,,,,,,,,,,,,,,,,,,,,,,,,,,,57,,,,,,,,,,,,,,FF_SEED=57
A,0302_S58_K36,1140,1.0223063512111583,,0,0,,,,,,,,,,,,,,,,,,,,,,,,,,,,,,,,,,,,,,,,,,,,,58,,,,,,,,,,,,,,FF_SEED=58
A,0441_P_profile_now,119,1.7240911309698164,,0,1,,,,,,,,,,,,,,,,,,,,,,,,,,,,,,,,,,,,,,,1,,,,,,53,,,,,,,,,,,,120,,FF_SEED=53 NEURON_COMPETITION_R1_NUM_STEPS=120 FF_PROFILE=1
A,1104_R_headdim256,1378,1.007292583084169,,0,0,,,,,,,,,,,,,,,,,,,,,,,,256,,,,,,,,,,,,,,,,,,,,,53,,,,,,,,,,,,,,FF_SEED=53 FF_HEAD_DIM=256
A,1141_R_warmup40,1139,1.0223548570724854,,0,0,,,,,,,,,,,,,,,,,,,,,,,,,,,,,,,,,,,,,,,,,,,,,53,,,,,,,,,,40,,,,FF_SEED=53 FF_WARMUP=40
A,1219_R_cd030,1142,1.021241630354365,,0,0,,,,,,,,,,,,,,0.30,,,,,,,,,,,,,,,,,,,,,,,,,,,,,,,53,,,,,,,,,,,,,,FF_SEED=53 FF_COOLDOWN_FRAC=0.30
A,1252_P_prof_h256,119,1.6987707273437873,,0,1,,,,,,,,,,,,,,,,,,,,,,,,256,,,,,,,,,,,,,,,1,,,,,,53,,,,,,,,,,,,120,,FF_SEED=53 NEURON_COMPETITION_R1_NUM_STEPS=120 FF_HEAD_DIM=256 FF_PROFILE=1
A,1300_P_prof_h256_freeze,119,1.649844309878427,,0,1,,,,,,,,,,,,,,,,,,,,,1,,,256,,,,,,,,,,,,,,,1,,,,,,53,,,,,,,,,,,,120,,FF_SEED=53 NEURON_COMPETITION_R1_NUM_STEPS=120 FF_HEAD_DIM=256 FF_PROFILE=1 FF_FREEZE_LAMBDA=1
A,1309_P_prof_h256_sstack,119,1.7014535142910256,,0,1,,,,,,,,,,,,,,,,,,,,,,,,256,,,,,,,,,,,,,,,1,,,,,1,53,,,,,,,,,,,,120,,FF_SEED=53 NEURON_COMPETITION_R1_NUM_STEPS=120 FF_HEAD_DIM=256 FF_PROFILE=1 FF_SCALAR_STACK=1
A,1314_H256_s51,1385,1.005584901554889,,0,0,,,,,,,,,,,,,,,,,,,,,,,,256,,,,,,,,,,,,,,,,,,,,,51,,,,,,,,,,,,,,FF_SEED=51 FF_HEAD_DIM=256
A,1346_P_prof_h256_ss_ns,119,1.7000951781672622,,0,1,,,,,,,,,,,,,,,,,,,,,,,,256,,,,,,,,,,,,,1,,1,,,,,1,53,,,,,,,,,,,,120,,FF_SEED=53 NEURON_COMPETITION_R1_NUM_STEPS=120 FF_HEAD_DIM=256 FF_PROFILE=1 FF_SCALAR_STACK=1 FF_NS_FUSED=1
A,1433_H256fce8_s53,1399,1.0055817194327805,,0,0,,,,,,,,,,,,,,,,,,,,,,8,,256,,,,,,,,,,,,,,,,,,,,,53,,,,,,,,,,,,,,FF_SEED=53 FF_HEAD_DIM=256 FF_FUSED_CE=8
A,1541_P_h384_screen,119,1.6668187812439603,,0,1,,,,,,,,,,,,,,,,,,,,,,,,384,,,,,,,,,,,,,,,1,,,,,,53,,,,,,,,,,,,120,,FF_SEED=53 NEURON_COMPETITION_R1_NUM_STEPS=120 FF_HEAD_DIM=384 FF_PROFILE=1
A,1550_P_h256_ss_muonstack,119,1.7014535142910256,,0,1,,,,,,,,,,,,0,,,,,,,,,,,,256,,,,,,,,,,,1,,,,1,,,,,1,53,,,,,,,,,,,,120,,FF_SEED=53 NEURON_COMPETITION_R1_NUM_STEPS=120 FF_HEAD_DIM=256 FF_PROFILE=1 FF_SCALAR_STACK=1 FF_MUON_STACK=1 FF_COMPILE_SYNC=0
A,1555_H256ss_s51,1521,0.9989855243153751,,0,0,,,,,,,,,,,,,,,,,,,,,,,,,,,,,,,,,,,,,,,,,,,,1,51,,,,,,,,,,,,,,FF_SEED=51 FF_SCALAR_STACK=1
A,1702_P_h768_screen,119,1.682093827397035,,0,1,,,,,,,,,,,,,,,,,,,,,,,,768,,,,,,,,,,,,,,,1,,,,,,53,,,,,,,,,,,,120,,FF_SEED=53 NEURON_COMPETITION_R1_NUM_STEPS=120 FF_HEAD_DIM=768 FF_PROFILE=1
A,1847_G_d13w768_s58,1450,1.0012342526063749,,0,0,,,59,,,,,,,,,,,,,13,,,,,,,,,,,,,,,,,,,,,,,,,,,,,58,,,,,,,,,,,,,,FF_SEED=58 FF_DEPTH=13 FF_ASPECT_RATIO=59
A,1924_G_w1024_s58,1181,0.9972696724725736,,0,0,,,85,,,,,,,,,,,,,,,,,,,,,,,,,,,,,,,,,,,,,,,,,,58,,,,,,,,,,,,,,FF_SEED=58 FF_ASPECT_RATIO=85
A,2138_W_w1024_s55,1190,0.995658658652747,,0,0,,,85,,,,,,,,,,,,,,,,,,,,,,,,,,,,,,,,,,,,,,,,,,55,,,,,,,,,,,,,,FF_SEED=55 FF_ASPECT_RATIO=85
A,2210_W_w1024_s56,1189,0.9982949178145634,,0,0,,,85,,,,,,,,,,,,,,,,,,,,,,,,,,,,,,,,,,,,,,,,,,56,,,,,,,,,,,,,,FF_SEED=56 FF_ASPECT_RATIO=85
A,2242_W_d11w1024_s58,1277,0.9945040643472179,,0,0,,,93,,,,,,,,,,,,,11,,,,,,,,,,,,,,,,,,,,,,,,,,,,,58,,,,,,,,,,,,,,FF_SEED=58 FF_DEPTH=11 FF_ASPECT_RATIO=93
A,2351_WC_w1024cd045_s55,1190,0.994130208001137,,0,0,,,85,,,,,,,,,,,0.45,,,,,,,,,,,,,,,,,,,,,,,,,,,,,,,55,,,,,,,,,,,,,,FF_SEED=55 FF_ASPECT_RATIO=85 FF_COOLDOWN_FRAC=0.45
A,0023_WC_w1024cd045_s58,1189,0.9952333723331312,,0,0,,,85,,,,,,,,,,,0.45,,,,,,,,,,,,,,,,,,,,,,,,,,,,,,,58,,,,,,,,,,,,,,FF_SEED=58 FF_ASPECT_RATIO=85 FF_COOLDOWN_FRAC=0.45
A,0056_X_d11w1024cd045_s58,1277,0.9930832038241902,,0,0,,,93,,,,,,,,,,,0.45,,11,,,,,,,,,,,,,,,,,,,,,,,,,,,,,58,,,,,,,,,,,,,,FF_SEED=58 FF_DEPTH=11 FF_ASPECT_RATIO=93 FF_COOLDOWN_FRAC=0.45
A,0128_X_d10w1024cd045_s58,1377,0.9903742718736832,,0,0,,,102,,,,,,,,,,,0.45,,10,,,,,,,,,,,,,,,,,,,,,,,,,,,,,58,,,,,,,,,,,,,,FF_SEED=58 FF_DEPTH=10 FF_ASPECT_RATIO=102 FF_COOLDOWN_FRAC=0.45
A,0252_X_d10w1024cd045_s55,1373,0.9905850659625363,,0,0,,,102,,,,,,,,,,,0.45,,10,,,,,,,,,,,,,,,,,,,,,,,,,,,,,55,,,,,,,,,,,,,,FF_SEED=55 FF_DEPTH=10 FF_ASPECT_RATIO=102 FF_COOLDOWN_FRAC=0.45
A,0329_X_d9w1024cd045_s55,1494,0.98924857467703,,0,0,,,113,,,,,,,,,,,0.45,,9,,,,,,,,,,,,,,,,,,,,,,,,,,,,,55,,,,,,,,,,,,,,FF_SEED=55 FF_DEPTH=9 FF_ASPECT_RATIO=113 FF_COOLDOWN_FRAC=0.45
A,0443_X_d9_s56,1488,0.9913514413708469,,0,0,,,113,,,,,,,,,,,0.45,,9,,,,,,,,,,,,,,,,,,,,,,,,,,,,,56,,,,,,,,,,,,,,FF_SEED=56 FF_DEPTH=9 FF_ASPECT_RATIO=113 FF_COOLDOWN_FRAC=0.45
A,0519_P_prof_d9,119,1.6625552536385748,,0,1,,,113,,,,,,,,,,,0.45,,9,,,,,,,,,,,,,,,,,,,,,,,1,,,,,,58,,,,,,,,,,,,120,,FF_SEED=58 NEURON_COMPETITION_R1_NUM_STEPS=120 FF_PROFILE=1 FF_DEPTH=9 FF_ASPECT_RATIO=113 FF_COOLDOWN_FRAC=0.45
A,0524_X_d9_s53,1474,0.9901811944646767,,0,0,,,113,,,,,,,,,,,0.45,,9,,,,,,,,,,,,,,,,,,,,,,,,,,,,,53,,,,,,,,,,,,,,FF_SEED=53 FF_DEPTH=9 FF_ASPECT_RATIO=113 FF_COOLDOWN_FRAC=0.45
A,0556_P_prof_d9_shard,119,1.6625552536385748,,0,1,,,113,,,,,,,,,,,0.45,,9,,,,,,,,,,,,,,,,,,1,,,,,1,,,,,,58,,,,,,,,,,,,120,,FF_SEED=58 NEURON_COMPETITION_R1_NUM_STEPS=120 FF_PROFILE=1 FF_DEPTH=9 FF_ASPECT_RATIO=113 FF_COOLDOWN_FRAC=0.45 FF_MUON_SHARD=1
A,0619_R_d9hd512_s58,1512,0.9958193128175685,,0,0,,,113,,,,,,,,,,,0.45,,9,,,,,,,,512,,,,,,,,,,,,,,,,,,,,,58,,,,,,,,,,,,,,FF_SEED=58 FF_DEPTH=9 FF_ASPECT_RATIO=113 FF_COOLDOWN_FRAC=0.45 FF_HEAD_DIM=512
A,0654_R_d9qk12_s58,1492,0.9889520352978519,,0,0,,,113,,,,,,,,,,,0.45,,9,,,,,,,,,,,,,,,,,,,,,,,,,1.2,,,,58,,,,,,,,,,,,,,FF_SEED=58 FF_DEPTH=9 FF_ASPECT_RATIO=113 FF_COOLDOWN_FRAC=0.45 FF_QK_GAIN=1.2
A,0729_R_d9ve2_s58,1457,0.9893493705448944,,0,0,,,113,,,,,,,,,,,0.45,,9,,,,,,,,,,,,,,,,,,,,,,,,,,,,,58,,,,,,,2,,,,,,,FF_SEED=58 FF_DEPTH=9 FF_ASPECT_RATIO=113 FF_COOLDOWN_FRAC=0.45 FF_VALUE_EMBED=2
A,0805_R_d9kv2_s58,1424,0.9926932648609672,,0,0,,,113,,,,,,,,,,,0.45,,9,,,,,,,,,2,,,,,,,,,,,,,,,,,,,,58,,,,,,,,,,,,,,FF_SEED=58 FF_DEPTH=9 FF_ASPECT_RATIO=113 FF_COOLDOWN_FRAC=0.45 FF_KV_HEADS=2
A,0840_R_d9cd040_s58,1475,0.990250685131259,,0,0,,,113,,,,,,,,,,,0.40,,9,,,,,,,,,,,,,,,,,,,,,,,,,,,,,58,,,,,,,,,,,,,,FF_SEED=58 FF_DEPTH=9 FF_ASPECT_RATIO=113 FF_COOLDOWN_FRAC=0.40
A,0912_R_d9adamw2_s58,1486,0.9954305779005487,,0,0,,2.0,113,,,,,,,,,,,0.45,,9,,,,,,,,,,,,,,,,,,,,,,,,,,,,,58,,,,,,,,,,,,,,FF_SEED=58 FF_DEPTH=9 FF_ASPECT_RATIO=113 FF_COOLDOWN_FRAC=0.45 FF_ADAMW_LR_SCALE=2.0
A,1357_Q_b327_s58,1291,0.9860133885324424,,0,0,,,,,,,,,,,,,,,,,,,,,,,,,,,,,,,,,,,,,,,,,,,,,58,,,,,327680,,,,,,,,,FF_SEED=58 FF_TOTAL_BATCH=327680
A,1428_Q_b393_s58,1108,0.9874078460423007,,0,0,,,,,,,,,,,,,,,,,,,,,,,,,,,,,,,,,,,,,,,,,,,,,58,,,,,393216,,,,,,,,,FF_SEED=58 FF_TOTAL_BATCH=393216
A,1500_Q_combo_s58,1297,0.9865923627495613,,0,0,,1.0,,,,,,,,,,,,0.50,,,,,,,,,,,,,,,,,,,,,,,,,,,1.8,,,,58,,,,,327680,,,,,,,,,FF_SEED=58 FF_TOTAL_BATCH=327680 FF_ADAMW_LR_SCALE=1.0 FF_COOLDOWN_FRAC=0.50 FF_QK_GAIN=1.8
A,1614_M_mlp3_s58,1686,0.9879830361142098,,0,0,,,,,,,,,,,,,,,,,,,,,,,,,,,,,,,3,,,,,,,,,,,,,,58,,,,,,,,,,,,,,FF_SEED=58 FF_MLP_MULT=3
A,1650_M_mlp5_s58,1433,0.9878795741440383,,0,0,,,,,,,,,,,,,,,,,,,,,,,,,,,,,,,5,,,,,,,,,,,,,,58,,,,,,,,,,,,,,FF_SEED=58 FF_MLP_MULT=5
A,1906_P_cc_fp8,119,1.7994286459146671,,0,1,,,,,,,,,--model-type=transformer,,,,,,,,,,,,,,,,,,,,,,,,,,,,,,1,,,,,,58,,,,,,,,,,,,120,,FF_SEED=58 NEURON_COMPETITION_R1_NUM_STEPS=120 FF_PROFILE=1 FF_CC_FLAGS=--model-type=transformer -O3 --auto-cast=matmult --auto-cast-type=fp8_e4m3
A,1915_P_cc_fastmath,119,1.6625552536385748,,0,1,,,,,,,,,--model-type=transformer,,,,,,,,,,,,,,,,,,,,,,,,,,,,,,1,,,,,,58,,,,,,,,,,,,120,,FF_SEED=58 NEURON_COMPETITION_R1_NUM_STEPS=120 FF_PROFILE=1 FF_CC_FLAGS=--model-type=transformer -O3 --enable-fast-loading-neuron-binaries
A,2319_P_lnc2_mb8,119,1.6701397126788728,,0,1,,,,,,,,,,,,,,,,,,,,,,,,,,,,2,,8,,,,,,4,,,1,,,,,,58,,,,,,,,,,,,120,,FF_SEED=58 NEURON_COMPETITION_R1_NUM_STEPS=120 FF_PROFILE=1 FF_LNC=2 FF_NPROC=4 FF_MB=8
A,0239_P_d7w1280,119,1.6591600153522672,,0,1,,,182,,,,,,,,,,,,,7,,,,,,,,,,,,,,,,,,,,,,,1,,,,,,58,,,,,,,,,,,,120,,FF_SEED=58 NEURON_COMPETITION_R1_NUM_STEPS=120 FF_PROFILE=1 FF_DEPTH=7 FF_ASPECT_RATIO=182
A,0250_P_d8w1280,119,1.6447632349010968,,0,1,,,160,,,,,,,,,,,,,8,,,,,,,,,,,,,,,,,,,,,,,1,,,,,,58,,,,,,,,,,,,120,,FF_SEED=58 NEURON_COMPETITION_R1_NUM_STEPS=120 FF_PROFILE=1 FF_DEPTH=8 FF_ASPECT_RATIO=160
A,0301_P_bf16par,119,1.7039257651593118,,0,1,,,,,1,,,,,,,,,,,,,,,,,,,,,,,,,,,,,,,,,,1,,,,,,58,,,,,,,,,,,,120,,FF_SEED=58 NEURON_COMPETITION_R1_NUM_STEPS=120 FF_PROFILE=1 FF_BF16_PARAMS=1
A,0352_P_docmask,119,1.6279482136541819,,0,1,,,,,,,,,,,,,,,,,1,,,,,,,,,,,,,,,,,,,,,,1,,,,,,58,,,,,,,,,,,,120,,FF_SEED=58 NEURON_COMPETITION_R1_NUM_STEPS=120 FF_PROFILE=1 FF_DOC_MASK=1
A,0400_M_docmask_s58,1511,0.986914359105606,,0,0,,,,,,,,,,,,,,,,,1,,,,,,,,,,,,,,,,,,,,,,,,,,,,58,,,,,,,,,,,,,,FF_SEED=58 FF_DOC_MASK=1
A,0431_M_docmask_s67,1511,0.9880972484969094,,0,0,,,,,,,,,,,,,,,,,1,,,,,,,,,,,,,,,,,,,,,,,,,,,,67,,,,,,,,,,,,,,FF_SEED=67 FF_DOC_MASK=1
A,0503_W_d8w1280_s58,1281,0.9895343636436797,,0,0,,,160,,,,,,,,,,,,,8,,,,,,,,,,,,,,,,,,,,,,,,,,,,,58,,,,,,,,,,,,,,FF_SEED=58 FF_DEPTH=8 FF_ASPECT_RATIO=160
A,0732_P_ns3,119,1.6913068449304056,,0,1,,,,,,,,,,,,,,,,,,,,,,,,,,,,,,,,,,,,,,3,1,,,,,,58,,,,,,,,,,,,120,,FF_SEED=58 NEURON_COMPETITION_R1_NUM_STEPS=120 FF_PROFILE=1 FF_NS_STEPS=3
A,0740_P_ns4,119,1.673753227341153,,0,1,,,,,,,,,,,,,,,,,,,,,,,,,,,,,,,,,,,,,,4,1,,,,,,58,,,,,,,,,,,,120,,FF_SEED=58 NEURON_COMPETITION_R1_NUM_STEPS=120 FF_PROFILE=1 FF_NS_STEPS=4
A,0816_P_ccdge,119,1.6625552536385748,,0,1,,,,,,,,,--model-type=transformer,,,,,,,,,,,,,,,,,,,,,,,,,,,,,,1,,,,,,58,,,,,,,,,,,,120,,FF_SEED=58 NEURON_COMPETITION_R1_NUM_STEPS=120 FF_PROFILE=1 FF_CC_FLAGS=--model-type=transformer -O3 --enable-dge
A,0826_P_ccdist,119,1.6625552536385748,,0,1,,,,,,,,,--model-type=transformer,,,,,,,,,,,,,,,,,,,,,,,,,,,,,,1,,,,,,58,,,,,,,,,,,,120,,FF_SEED=58 NEURON_COMPETITION_R1_NUM_STEPS=120 FF_PROFILE=1 FF_CC_FLAGS=--model-type=transformer -O3 --distribution-strategy=llm-training
A,0835_P_baseline,119,1.6625552536385748,,0,1,,,,,,,,,,,,,,,,,,,,,,,,,,,,,,,,,,,,,,,1,,,,,,58,,,,,,,,,,,,120,,FF_SEED=58 NEURON_COMPETITION_R1_NUM_STEPS=120 FF_PROFILE=1
A,0840_P_ccboth,119,1.6625552536385748,,0,1,,,,,,,,,--model-type=transformer,,,,,,,,,,,,,,,,,,,,,,,,,,,,,,1,,,,,,58,,,,,,,,,,,,120,,FF_SEED=58 NEURON_COMPETITION_R1_NUM_STEPS=120 FF_PROFILE=1 FF_CC_FLAGS=--model-type=transformer -O3 --enable-dge --distribution-strategy=llm-training
A,1057_R_hd128_s58,1079,1.0182648841269553,,0,0,,,,,,,,,,,,,,,,,,,,,,,,128,,,,,,,,,,,,,,,,,,,,,58,,,,,,,,,,,,,,FF_SEED=58 FF_HEAD_DIM=128
A,1139_R_hd128w1152_s58,1084,1.0056468239310514,,0,0,,,128,,,,,,,,,,,,,,,,,,,,,128,,,,,,,,,,,,,,,,,,,,,58,,,,,,,,,,,,,,FF_SEED=58 FF_HEAD_DIM=128 FF_ASPECT_RATIO=128
A,1219_P_trace,39,2.6146071429581177,,0,1,,,,,,,,,,,,,,,,,,,,,,,,,,,,,,,,,,,,,,,1,1,,,,,58,,,,,,,,,,,,40,,FF_SEED=58 NEURON_COMPETITION_R1_NUM_STEPS=40 FF_PROFILE=1 FF_PROFILE_TRACE=1
A,1256_P_base3,119,1.6625552536385748,,0,1,,,,,,,,,,,,,,,,,,,,,,,,,,,,,,,,,,,,,,,1,,,,,,58,,,,,,,,,,,,120,,FF_SEED=58 NEURON_COMPETITION_R1_NUM_STEPS=120 FF_PROFILE=1
A,1301_P_copt,119,1.660234024565485,,0,1,,,,,,,,,,,1,,,,,,,,,,,,,,,,,,,,,,,,,,,,1,,,,,,58,,,,,,,,,,,,120,,FF_SEED=58 NEURON_COMPETITION_R1_NUM_STEPS=120 FF_PROFILE=1 FF_COMPILE_OPT=1
A,1309_M_copt_s58,1423,0.9922199886998255,,0,0,,,,,,,,,,,1,,,,,,,,,,,,,,,,,,,,,,,,,,,,,,,,,,58,,,,,,,,,,,,,,FF_SEED=58 FF_COMPILE_OPT=1
A,1725_P_base4,119,1.6625552536385748,,0,1,,,,,,,,,,,,,,,,,,,,,,,,,,,,,,,,,,,,,,,1,,,,,,58,,,,,,,,,,,,120,,FF_SEED=58 NEURON_COMPETITION_R1_NUM_STEPS=120 FF_PROFILE=1
A,1814_P_base5,119,1.6625552536385748,,0,1,,,,,,,,,,,,,,,,,,,,,,,,,,,,,,,,,,,,,,,1,,,,,,58,,,,,,,,,,,,120,,FF_SEED=58 NEURON_COMPETITION_R1_NUM_STEPS=120 FF_PROFILE=1
A,1822_P_fuseqkv,119,1.6609707288352176,,0,1,,,,,,,,,,,,,,,,,,,,,,,1,,,,,,,,,,,,,,,,1,,,,,,58,,,,,,,,,,,,120,,FF_SEED=58 NEURON_COMPETITION_R1_NUM_STEPS=120 FF_PROFILE=1 FF_FUSE_QKV=1
A,1934_P_base6,119,1.6625552536385748,,0,1,,,,,,,,,,,,,,,,,,,,,,,,,,,,,,,,,,,,,,,1,,,,,,58,,,,,,,,,,,,120,,FF_SEED=58 NEURON_COMPETITION_R1_NUM_STEPS=120 FF_PROFILE=1
A,1942_P_ceinplace,119,1.6625552536385748,,0,1,,,,,,,,,,1,,,,,,,,,,,,,,,,,,,,,,,,,,,,,1,,,,,,58,,,,,,,,,,,,120,,FF_SEED=58 NEURON_COMPETITION_R1_NUM_STEPS=120 FF_PROFILE=1 FF_CE_INPLACE=1
A,1459_S_d9w768_s58,2003,0.9960534998040829,,0,0,,,85,,,,,,,,,,,0.60,,9,,,,,,,,,,,,,,,,,,,,,,,,,,,,,58,,,,,,,,,,,,,,FF_SEED=58 FF_COOLDOWN_FRAC=0.60 FF_DEPTH=9 FF_ASPECT_RATIO=85
B,1127_P_ctrl_mb8,119,1.7240911309698164,,0,1,,,,,,,,,,,,,,,,,,,,,,,,,,,,,,,,,,,,,,,,,,,,,53,,,,,,,,,,,,120,,FF_SEED=53 NEURON_COMPETITION_R1_NUM_STEPS=120
B,1154_P_fce8_mb8,119,1.7213663744120677,,0,1,,,,,,,,,,,,,,,,,,,,,,8,,,,,,,,,,,,,,,,,,,,,,,53,,,,,,,,,,,,120,,"FF_SEED=53 NEURON_COMPETITION_R1_NUM_STEPS=120 FF_FUSED_CE=8 TORCH_LOGS=graph_breaks,recompiles"
B,1224_R_muon16,1162,1.0199490867552738,,0,0,,,,,,,,,,,,,,,,,,,,,,,,,,,,,1.6,,,,,,,,,,,,,,,,53,,,,,,,,,,,,,,FF_SEED=53 FF_MATRIX_LR_SCALE=1.6
B,1256_H256_s50,1407,1.0071474955166884,,0,0,,,,,,,,,,,,,,,,,,,,,,,,256,,,,,,,,,,,,,,,,,,,,,50,,,,,,,,,,,,,,FF_SEED=50 FF_HEAD_DIM=256
B,1332_P_h256_2micro,119,1.7459652103492038,,0,1,,,,,,,,,,,,,,,,,,,,,,,,256,,,,,,,,,,,,,,,,,,,,,53,,,,,131072,,,,,,,120,,FF_SEED=53 NEURON_COMPETITION_R1_NUM_STEPS=120 FF_HEAD_DIM=256 FF_TOTAL_BATCH=131072
B,1339_H256_s53,1415,1.0053979303801983,,0,0,,,,,,,,,,,,,,,,,,,,,,,,256,,,,,,,,,,,,,,,,,,,,,53,,,,,,,,,,,,,,FF_SEED=53 FF_HEAD_DIM=256
B,1805_G_d14w768_s58,1402,1.0016585928896882,,0,0,,,54,,,,,,,,,,,,,14,,,,,,,,,,,,,,,,,,,,,,,,,,,,,58,,,,,,,,,,,,,,FF_SEED=58 FF_DEPTH=14 FF_ASPECT_RATIO=54
B,2121_W_w1024_s58,1199,0.9960863530647691,,0,0,,,85,,,,,,,,,,,,,,,,,,,,,,,,,,,,,,,,,,,,,,,,,,58,,,,,,,,,,,,,,FF_SEED=58 FF_ASPECT_RATIO=85
B,2158_W_w1024_s59,1202,0.9950188801023685,,0,0,,,85,,,,,,,,,,,,,,,,,,,,,,,,,,,,,,,,,,,,,,,,,,59,,,,,,,,,,,,,,FF_SEED=59 FF_ASPECT_RATIO=85
B,2230_W_d11w1024_s59,1287,0.9944911638521841,,0,0,,,93,,,,,,,,,,,,,11,,,,,,,,,,,,,,,,,,,,,,,,,,,,,59,,,,,,,,,,,,,,FF_SEED=59 FF_DEPTH=11 FF_ASPECT_RATIO=93
B,2339_WC_w1024cd045_s58,1204,0.9942234355785816,,0,0,,,85,,,,,,,,,,,0.45,,,,,,,,,,,,,,,,,,,,,,,,,,,,,,,58,,,,,,,,,,,,,,FF_SEED=58 FF_ASPECT_RATIO=85 FF_COOLDOWN_FRAC=0.45
B,0043_X_d11w1024cd045_s59,1290,0.9929305479662898,,0,0,,,93,,,,,,,,,,,0.45,,11,,,,,,,,,,,,,,,,,,,,,,,,,,,,,59,,,,,,,,,,,,,,FF_SEED=59 FF_DEPTH=11 FF_ASPECT_RATIO=93 FF_COOLDOWN_FRAC=0.45
B,0115_X_d11w1024cd045_s58,1287,0.9924333628876854,,0,0,,,93,,,,,,,,,,,0.45,,11,,,,,,,,,,,,,,,,,,,,,,,,,,,,,58,,,,,,,,,,,,,,FF_SEED=58 FF_DEPTH=11 FF_ASPECT_RATIO=93 FF_COOLDOWN_FRAC=0.45
B,0147_X_d10w1024cd045_s59,1393,0.9932505662464293,,0,0,,,102,,,,,,,,,,,0.45,,10,,,,,,,,,,,,,,,,,,,,,,,,,,,,,59,,,,,,,,,,,,,,FF_SEED=59 FF_DEPTH=10 FF_ASPECT_RATIO=102 FF_COOLDOWN_FRAC=0.45
B,0224_X_d9w1024cd045_s58,1509,0.9881240815265798,,0,0,,,113,,,,,,,,,,,0.45,,9,,,,,,,,,,,,,,,,,,,,,,,,,,,,,58,,,,,,,,,,,,,,FF_SEED=58 FF_DEPTH=9 FF_ASPECT_RATIO=113 FF_COOLDOWN_FRAC=0.45
B,0300_X_d8w1024cd045_s58,1665,0.9890764820732785,,0,0,,,128,,,,,,,,,,,0.45,,8,,,,,,,,,,,,,,,,,,,,,,,,,,,,,58,,,,,,,,,,,,,,FF_SEED=58 FF_DEPTH=8 FF_ASPECT_RATIO=128 FF_COOLDOWN_FRAC=0.45
B,0346_X_d9w1024cd045_s59,1515,0.9894591967592825,,0,0,,,113,,,,,,,,,,,0.45,,9,,,,,,,,,,,,,,,,,,,,,,,,,,,,,59,,,,,,,,,,,,,,FF_SEED=59 FF_DEPTH=9 FF_ASPECT_RATIO=113 FF_COOLDOWN_FRAC=0.45
B,0418_X_d9cd050_s58,1513,0.9876227682895645,,0,0,,,113,,,,,,,,,,,0.50,,9,,,,,,,,,,,,,,,,,,,,,,,,,,,,,58,,,,,,,,,,,,,,FF_SEED=58 FF_DEPTH=9 FF_ASPECT_RATIO=113 FF_COOLDOWN_FRAC=0.50
B,0450_X_d9_s52,1514,0.9888493473573825,,0,0,,,113,,,,,,,,,,,0.45,,9,,,,,,,,,,,,,,,,,,,,,,,,,,,,,52,,,,,,,,,,,,,,FF_SEED=52 FF_DEPTH=9 FF_ASPECT_RATIO=113 FF_COOLDOWN_FRAC=0.45
B,0522_B_d9batch196k_s58,1878,0.9899661002108124,,0,0,,,113,,,,,,,,,,,0.45,,9,,,,,,,,,,,,,,,,,,,,,,,,,,,,,58,,,,,196608,,,,,,,,,FF_SEED=58 FF_DEPTH=9 FF_ASPECT_RATIO=113 FF_COOLDOWN_FRAC=0.45 FF_TOTAL_BATCH=196608
B,0553_B_d9batch327k_s58,1270,0.9870905798677684,,0,0,,,113,,,,,,,,,,,0.45,,9,,,,,,,,,,,,,,,,,,,,,,,,,,,,,58,,,,,327680,,,,,,,,,FF_SEED=58 FF_DEPTH=9 FF_ASPECT_RATIO=113 FF_COOLDOWN_FRAC=0.45 FF_TOTAL_BATCH=327680
B,0659_R_d9warm40_s58,1520,0.9918790716177311,,0,0,,,113,,,,,,,,,,,0.45,,9,,,,,,,,,,,,,,,,,,,,,,,,,,,,,58,,,,,,,,,,40,,,,FF_SEED=58 FF_DEPTH=9 FF_ASPECT_RATIO=113 FF_COOLDOWN_FRAC=0.45 FF_WARMUP=40
B,0731_R_d9qk18_s58,1517,0.9878464628734515,,0,0,,,113,,,,,,,,,,,0.45,,9,,,,,,,,,,,,,,,,,,,,,,,,,1.8,,,,58,,,,,,,,,,,,,,FF_SEED=58 FF_DEPTH=9 FF_ASPECT_RATIO=113 FF_COOLDOWN_FRAC=0.45 FF_QK_GAIN=1.8
B,0806_R_d9adamw1_s58,1517,0.9875662641213163,,0,0,,1.0,113,,,,,,,,,,,0.45,,9,,,,,,,,,,,,,,,,,,,,,,,,,,,,,58,,,,,,,,,,,,,,FF_SEED=58 FF_DEPTH=9 FF_ASPECT_RATIO=113 FF_COOLDOWN_FRAC=0.45 FF_ADAMW_LR_SCALE=1.0
B,1358_Q_combo_s58,1305,0.9862237526047942,,0,0,,1.0,,,,,,,,,,,,0.50,,,,,,,,,,,,,,,,,,,,,,,,,,,1.8,,,,58,,,,,327680,,,,,,,,,FF_SEED=58 FF_TOTAL_BATCH=327680 FF_ADAMW_LR_SCALE=1.0 FF_COOLDOWN_FRAC=0.50 FF_QK_GAIN=1.8
B,1501_Q_combo_s59,1306,0.986118484565318,,0,0,,1.0,,,,,,,,,,,,0.50,,,,,,,,,,,,,,,,,,,,,,,,,,,1.8,,,,59,,,,,327680,,,,,,,,,FF_SEED=59 FF_TOTAL_BATCH=327680 FF_ADAMW_LR_SCALE=1.0 FF_COOLDOWN_FRAC=0.50 FF_QK_GAIN=1.8
B,1533_M_mlp3_s58,1714,0.9870996962175923,,0,0,,,,,,,,,,,,,,,,,,,,,,,,,,,,,,,3,,,,,,,,,,,,,,58,,,,,,,,,,,,,,FF_SEED=58 FF_MLP_MULT=3
B,1608_M_mlp5_s58,1454,0.986857166910956,,0,0,,,,,,,,,,,,,,,,,,,,,,,,,,,,,,,5,,,,,,,,,,,,,,58,,,,,,,,,,,,,,FF_SEED=58 FF_MLP_MULT=5
B,1823_Q_b327_s59,1308,0.9872904515374927,,0,0,,,,,,,,,,,,,,,,,,,,,,,,,,,,,,,,,,,,,,,,,,,,,59,,,,,327680,,,,,,,,,FF_SEED=59 FF_TOTAL_BATCH=327680
B,0521_M_docmask_s58,1518,0.9866599613435386,,0,0,,,,,,,,,,,,,,,,,1,,,,,,,,,,,,,,,,,,,,,,,,,,,,58,,,,,,,,,,,,,,FF_SEED=58 FF_DOC_MASK=1
B,1305_R_vres_s58,1519,0.9945730389939988,,0,0,,,,,,,,,,,,,,,,,,,,,,,,,,,,,,,,,,,,,,,,,,,,,58,,,,,,,,1,,,,,,FF_SEED=58 FF_VALUE_RESIDUAL=1
B,1531_S_d7w768_s58,1919,0.9878954847545801,,0,0,,,110,,,,,,,,,,,0.60,,7,,,,,,,,,,,,,,,,,,,,,,,,,,,,,58,,,,,,,,,,,,,,FF_SEED=58 FF_COOLDOWN_FRAC=0.60 FF_DEPTH=7 FF_ASPECT_RATIO=110
