date_utc,chip,run,code_version,recipe_tag,seed,steps,bpb_2m,bpb_2m_ema,bpb_20m,submission,is_screen,control_run,control_bpb,delta_raw,delta_norm,knob_changes,note
2026-09-29,C,C41_cold_K60,M14,K60,73,2361,0.9591028698885415,,,K60,0,C40_cold_K59,0.96092,-0.00182,,"FF_ATTN_SRC=5:6,7,8 FF_LEAKY_RELU2=0.35 FF_LEAKY_FORM=fnm FF_TIME_TARGET=1793",
2026-09-29,C,1711_R_m14asa_s67,M14,AS-a,67,2326,0.9601666447090325,,,,0,0945_R_g7lk35_s67,0.961529,-0.00136,,"FF_ATTN_SRC=5:6,7,8 FF_LEAKY_RELU2=0.35 FF_LEAKY_FORM=fnm",
2026-09-29,C,1823_R_m14asa_s58,M14,AS-a,58,2313,0.9608378144639933,,,,0,0913_R_g7lk35_s58,0.961894,-0.00106,,"FF_ATTN_SRC=5:6,7,8 FF_LEAKY_RELU2=0.35 FF_LEAKY_FORM=fnm",
2026-09-29,C,1900_R_k60alr84_s73,M14,K60+ALR,73,2320,0.9607631635993974,,,,0,1639_R_m14asa_s73,0.959948,+0.00082,,"FF_ATTN_SRC=5:6,7,8 FF_ADAMW_LR_SCALE=1.189 FF_SCALAR_LR=0.2379 FF_LEAKY_RELU2=0.35 FF_LEAKY_FORM=fnm",
2026-09-29,C,1931_R_k60alr84_s67,M14,K60+ALR,67,2305,0.961120163298634,,,,0,1711_R_m14asa_s67,0.960167,+0.00095,,"FF_ATTN_SRC=5:6,7,8 FF_ADAMW_LR_SCALE=1.189 FF_SCALAR_LR=0.2379 FF_LEAKY_RELU2=0.35 FF_LEAKY_FORM=fnm",
2026-09-29,C,2002_R_m14asd_s73,M14,AS-d,73,2308,0.9599498303891636,,,,0,1639_R_m14asa_s73,0.959948,+0.00000,,"FF_ATTN_SRC=5:7,8 FF_LEAKY_RELU2=0.35 FF_LEAKY_FORM=fnm",
2026-09-29,C,2039_R_m14asd_s67,M14,AS-d,67,2308,0.960493887266391,,,,0,1711_R_m14asa_s67,0.960167,+0.00033,,"FF_ATTN_SRC=5:7,8 FF_LEAKY_RELU2=0.35 FF_LEAKY_FORM=fnm",
2026-09-29,C,2110_R_k60sc165_s73,M14,K60+softcap,73,2312,0.9606323525797542,,,,0,1639_R_m14asa_s73,0.959948,+0.00068,,"FF_ATTN_SRC=5:6,7,8 FF_SOFTCAP_A=16.5 FF_LEAKY_RELU2=0.35 FF_LEAKY_FORM=fnm",
2026-09-29,C,2144_R_g7lk35_s311,M12,LK0.35,311,2327,0.9656992370125473,,,,0,0816_R_g7lk35_s73,0.96176,,,FF_LEAKY_RELU2=0.35 FF_LEAKY_FORM=fnm,
2026-09-29,C,2221_R_g7lk35_s313,M12,LK0.35,313,2323,0.9622100831223934,,,,0,0816_R_g7lk35_s73,0.96176,,,FF_LEAKY_RELU2=0.35 FF_LEAKY_FORM=fnm,
2026-09-29,D,1705_R_m14asb_s73,M14,AS-b,73,2164,0.9655755642668229,,,,0,1202_R_g7lk35_s73,0.96644,-0.00086,,"FF_ATTN_SRC=4:5,6,7,8 FF_LEAKY_RELU2=0.35 FF_LEAKY_FORM=fnm",
2026-09-29,D,1742_R_lk35alr84_s97,M12,ALR,97,2152,0.9686334976096456,,,,0,1240_R_g7lk35_s97,0.96942,-0.00078,,FF_ADAMW_LR_SCALE=1.189 FF_SCALAR_LR=0.2379 FF_LEAKY_RELU2=0.35 FF_LEAKY_FORM=fnm,
2026-09-29,D,1814_R_m14asc_s73,M14,AS-c,73,2158,0.965476488464963,,,,0,1552_R_m14asa_s73,0.964712,+0.00076,,"FF_ATTN_SRC=6:7,8 FF_LEAKY_RELU2=0.35 FF_LEAKY_FORM=fnm",
2026-09-29,D,1851_R_m14asd_s73,M14,AS-d,73,2154,0.9645074032780205,,,,0,1552_R_m14asa_s73,0.964712,-0.00020,,"FF_ATTN_SRC=5:7,8 FF_LEAKY_RELU2=0.35 FF_LEAKY_FORM=fnm",
2026-09-29,D,1928_R_lk35alr84_s113,M12,ALR,113,2152,0.9686276493852302,,,,0,1312_R_g7lk35_s113,0.968713,-0.00008,,FF_ADAMW_LR_SCALE=1.189 FF_SCALAR_LR=0.2379 FF_LEAKY_RELU2=0.35 FF_LEAKY_FORM=fnm,
2026-09-29,D,2000_R_lk35alr84_s131,M12,ALR,131,2138,0.9678973093597141,,,,0,1416_R_g7lk35_s131,0.967459,+0.00044,,FF_ADAMW_LR_SCALE=1.189 FF_SCALAR_LR=0.2379 FF_LEAKY_RELU2=0.35 FF_LEAKY_FORM=fnm,
2026-09-29,D,2032_R_m14asd_s97,M14,AS-d,97,2156,0.9679264644784906,,,,0,2104_R_m14asa_s97,0.970570,-0.00264,,"FF_ATTN_SRC=5:7,8 FF_LEAKY_RELU2=0.35 FF_LEAKY_FORM=fnm",
2026-09-29,D,2104_R_m14asa_s97,M14,AS-a,97,2109,0.9705702919307267,,,,0,1240_R_g7lk35_s97,0.96942,+0.00115,,"FF_ATTN_SRC=5:6,7,8 FF_LEAKY_RELU2=0.35 FF_LEAKY_FORM=fnm",
2026-09-29,C,C40_cold_K59,M12,LK0.35,73,2357,0.960920033619009,,,K59,0,C36_cold_K57,0.96193,-0.00101,,FF_LEAKY_RELU2=0.35 FF_LEAKY_FORM=fnm FF_TIME_TARGET=1793,
2026-09-29,C,C39_cold_K58R,M12,RF,73,2412,0.9611819996714962,,,K58-RF,0,C36_cold_K57,0.96193,-0.00075,,FF_RELU2_FN=1 FF_TIME_TARGET=1793,
2026-09-29,C,C38_cold_K58,M12,LK0.5,73,2380,0.9612130468628777,,,K58-LK,0,C37_cold_K57T,0.96209,-0.00088,,FF_LEAKY_RELU2=0.5 FF_LEAKY_FORM=fnm FF_TIME_TARGET=1793,
2026-09-29,C,C37_cold_K57T,M9,K57,73,2359,0.9620851203271656,,,K57T,0,C36_cold_K57,0.96193,+0.00016,,FF_TIME_TARGET=1793,
2026-09-29,C,1639_R_m14asa_s73,M14,AS-a,73,2315,0.95995,,,,0,0816_R_g7lk35_s73,0.961759,-0.00181,,"FF_ATTN_SRC=5:6,7,8 FF_LEAKY_RELU2=0.35 FF_LEAKY_FORM=fnm",
2026-09-29,C,1637_G_C1,M15,LK0.35,73,60,1.705961979295454,,,,1,1611_G_C0,1.705961979295454,0,,FF_LEAKY_RELU2=0.35 FF_LEAKY_FORM=fnm,
2026-09-29,C,1635_G_ORTHO,M15,ORTHO_INIT,73,60,1.7168573933878384,,,,1,1611_G_C0,1.705961979295454,+0.011,,FF_ORTHO_INIT=1,
2026-09-29,D,1630_R_lk35sc165_s73,M12,softcap,73,2160,0.96608,,,,0,1202_R_g7lk35_s73,0.96644,-0.00036,,FF_SOFTCAP_A=16.5 FF_LEAKY_RELU2=0.35 FF_LEAKY_FORM=fnm,
2026-09-29,C,1627_G_LANES2,M15,LANES,73,60,1.7112329495596825,,,,1,1611_G_C0,1.705961979295454,,,FF_LANES=2,
2026-09-29,C,1619_G_LANES3,M15,LANES,73,60,1.714930059429782,,,,1,1611_G_C0,1.705961979295454,,,FF_LANES=3,
2026-09-29,C,1611_G_C0,M15,LK0.35,73,60,1.705961979295454,,,,1,,,,,FF_LEAKY_RELU2=0.35 FF_LEAKY_FORM=fnm,
2026-09-29,D,1552_R_m14asa_s73,M14,AS-a,73,2155,0.9647115751127562,,,,0,1202_R_g7lk35_s73,0.96644,-0.00173,,"FF_ATTN_SRC=5:6,7,8 FF_LEAKY_RELU2=0.35 FF_LEAKY_FORM=fnm",
2026-09-29,C,1539_R_g7lk35sc165_s58,M12,softcap,58,2321,0.9619526752448181,,,,0,0913_R_g7lk35_s58,0.961894,+0.00006,,FF_SOFTCAP_A=16.5 FF_LEAKY_RELU2=0.35 FF_LEAKY_FORM=fnm,
2026-09-29,C,1529_G_POOL,M14,POOL,73,60,1.731370450300914,,,,1,1505_G_C0,1.705961979295454,+0.025,,POOL=3,
2026-09-29,C,1527_G_CFC,M14,CFC,73,60,1.7866033177652194,,,,1,1505_G_C0,1.705961979295454,+0.08,,CFC=1.0,
2026-09-29,C,1520_G_ASb,M14,AS-b,73,60,1.7055797806292512,,,,1,1505_G_C0,1.705961979295454,,,"FF_ATTN_SRC=4:5,6,7,8",
2026-09-29,C,1512_G_ASa,M14,AS-a,73,60,1.707010187518604,,,,1,1505_G_C0,1.705961979295454,,,"FF_ATTN_SRC=5:6,7,8",
2026-09-29,C,1505_G_C0,M14,LK0.35,73,60,1.705961979295454,,,,1,1502_G_LR12,1.705961979295454,0,,,
2026-09-29,C,1502_G_LR12,M12,LK0.35,73,60,1.705961979295454,,,,1,,,,,,
2026-09-29,D,1448_R_g7lk35_s137,M12,LK0.35,137,2147,0.9679968151780751,,,,0,1202_R_g7lk35_s73,0.96644,,,FF_LEAKY_RELU2=0.35 FF_LEAKY_FORM=fnm,
2026-09-29,C,1427_R_g7lk35sc165_s73,M12,softcap,73,2323,0.9615418374796403,,,,0,0816_R_g7lk35_s73,0.961759,-0.00022,,FF_SOFTCAP_A=16.5 FF_LEAKY_RELU2=0.35 FF_LEAKY_FORM=fnm,
2026-09-29,D,1416_R_g7lk35_s131,M12,LK0.35,131,2152,0.9674591225450645,,,,0,1202_R_g7lk35_s73,0.96644,,,FF_LEAKY_RELU2=0.35 FF_LEAKY_FORM=fnm,
2026-09-29,C,1325_R_g7lk35_s293,M12,LK0.35,293,2324,0.9628096981315666,,,,0,0816_R_g7lk35_s73,0.96176,,,FF_LEAKY_RELU2=0.35 FF_LEAKY_FORM=fnm,
2026-09-29,D,1312_R_g7lk35_s113,M12,LK0.35,113,2153,0.9687130506623542,,,,0,1202_R_g7lk35_s73,0.96644,,,FF_LEAKY_RELU2=0.35 FF_LEAKY_FORM=fnm,
2026-09-29,C,1254_R_g7lk35_s283,M12,LK0.35,283,2329,0.9624632768382577,,,,0,0816_R_g7lk35_s73,0.96176,,,FF_LEAKY_RELU2=0.35 FF_LEAKY_FORM=fnm,
2026-09-29,D,1240_R_g7lk35_s97,M12,LK0.35,97,2150,0.9694157836284979,,,,0,1202_R_g7lk35_s73,0.96644,,,FF_LEAKY_RELU2=0.35 FF_LEAKY_FORM=fnm,
2026-09-29,C,1220_R_g7lk35_s281,M12,LK0.35,281,2325,0.963895059780414,,,,0,0816_R_g7lk35_s73,0.96176,,,FF_LEAKY_RELU2=0.35 FF_LEAKY_FORM=fnm,
2026-09-29,D,1202_R_g7lk35_s73,M12,LK0.35,73,2153,0.9664382633713863,,,,0,0816_R_g7lk35_s73,0.96176,+0.00468,,FF_LEAKY_RELU2=0.35 FF_LEAKY_FORM=fnm,
2026-09-29,D,1154_G_RF,M12,RF,73,60,1.7047882062539743,,,,1,,,,,FF_RELU2_FN=1,
2026-09-29,C,1149_R_g7lk25_s58,M12,slope0.25,58,2331,0.9620675756539195,,,,0,0913_R_g7lk35_s58,0.961894,+0.00017,,FF_LEAKY_RELU2=0.25 FF_LEAKY_FORM=fnm,
2026-09-29,D,1142_G_C0,M12,K57,73,60,1.7047882062539743,,,,1,,,,,,
2026-09-29,C,1112_R_g7lk25_s73,M12,slope0.25,73,2323,0.9620867543898699,,,,0,0816_R_g7lk35_s73,0.961759,+0.00033,,FF_LEAKY_RELU2=0.25 FF_LEAKY_FORM=fnm,
2026-09-29,C,0945_R_g7lk35_s67,M12,LK0.35,67,2325,0.9615289369846064,,0.9689189057671267,,0,0202_R_g6acc_s67,0.96374,-0.00221,,FF_LEAKY_RELU2=0.35 FF_LEAKY_FORM=fnm,
2026-09-29,C,0913_R_g7lk35_s58,M12,LK0.35,58,2327,0.9618941930006647,,0.9688980971617125,,0,0054_R_g6acc_s58,0.96359,-0.0017,,FF_LEAKY_RELU2=0.35 FF_LEAKY_FORM=fnm,
2026-09-29,C,0816_R_g7lk35_s73,M12,LK0.35,73,2326,0.9617590818160102,,0.9688091939505411,,0,0626_R_g7_s73,0.96310,-0.00134,,FF_LEAKY_RELU2=0.35 FF_LEAKY_FORM=fnm,
2026-09-29,C,0745_R_g7lkm_s67,M12,LK0.5,67,2341,0.9618666719445925,,0.9691662585583951,,0,0202_R_g6acc_s67,0.96374,-0.00187,,FF_LEAKY_RELU2=0.5 FF_LEAKY_FORM=fnm,
2026-09-29,C,0714_R_g7rf_s67,M12,RF,67,2360,0.9627273069699505,,0.9696961521148715,,0,0202_R_g6acc_s67,0.96374,-0.00101,,FF_RELU2_FN=1,
2026-09-29,C,0637_R_g7rf_s58,M12,RF,58,2355,0.9623199953400818,,0.969441402244602,,0,0054_R_g6acc_s58,0.96359,-0.00127,,FF_RELU2_FN=1,
2026-09-29,C,0606_R_g7lks123_s73,M13,S123,73,2352,0.9619191339577301,,,,0,0222_R_g7lkm_s73,0.96186,+0.00006,,FF_LEAKY_RELU2=0.5 FF_LEAKY_FORM=fnm FF_ROPE_FN FF_RMSNORM_FN,
2026-09-29,C,0529_R_g7lkm_s58,M12,LK0.5,58,2314,0.9631408108374353,,0.9702478221188743,,0,0054_R_g6acc_s58,0.96359,-0.00045,,FF_LEAKY_RELU2=0.5 FF_LEAKY_FORM=fnm,
2026-09-29,C,0527_G_C1,M13,LK0.5,73,60,1.708901228083965,,,,1,,,,,FF_LEAKY_RELU2=0.5 FF_LEAKY_FORM=fnm,
2026-09-29,C,0519_G_S123,M13,S123,73,60,1.7043561256736408,,,,1,0448_G_C0,,,,S123=FF_ROPE_FN+QKfold+FF_RMSNORM_FN,
2026-09-29,C,0512_G_S3,M13,S3,73,60,1.7032079816156287,,,,1,0448_G_C0,,,,FF_RMSNORM_FN=1,
2026-09-29,C,0504_G_S2,M13,S2,73,60,1.7018436252608493,,,,1,0448_G_C0,,,,QKfold=1,
2026-09-29,C,0457_G_S1,M13,S1,73,60,1.703173064275737,,,,1,0448_G_C0,,,,FF_ROPE_FN=1,
2026-09-29,C,0448_G_C0,M13,LK0.5,73,60,1.708901228083965,,,,1,,,,,FF_LEAKY_RELU2=0.5 FF_LEAKY_FORM=fnm,
2026-09-29,C,0253_R_g7rf_s73,M12,RF,73,2365,0.962016661700186,,0.9689726210043585,,0,0626_R_g7_s73,0.96310,-0.00109,,FF_RELU2_FN=1,
2026-09-29,C,0222_R_g7lkm_s73,M12,LK0.5,73,2340,0.9618553195089627,,0.9690855820051781,,0,0626_R_g7_s73,0.96310,-0.00125,,FF_LEAKY_RELU2=0.5 FF_LEAKY_FORM=fnm,
2026-09-29,C,0220_G_AF,M12,ACCUM_FROM,73,60,1.8476916339220868,,,,1,,,,,FF_ACCUM_FROM=5,
2026-09-29,C,0218_G_CN,M12,K57,73,60,1.810908194422184,,,,1,,,,,,
2026-09-29,C,0217_G_M9N,M9,K57,73,60,1.810908194422184,,,,1,,,,,,
2026-09-29,C,0215_G_C1,M12,K57,73,60,1.7047882062539743,,,,1,,,,,,
2026-09-29,C,0210_G_LKF,M12,LK0.5,73,60,1.708901228083965,,,,1,0148_G_C0,,,,FF_LEAKY_RELU2=0.5 FF_LEAKY_FORM=fn,
2026-09-29,C,0203_G_RF,M12,RF,73,60,1.7047882062539743,,,,1,0148_G_C0,1.7047882062539743,0,,FF_RELU2_FN=1,
2026-09-29,C,0156_G_LKM,M12,LK0.5,73,60,1.708901228083965,,,,1,0148_G_C0,1.7047882062539743,+0.004,,FF_LEAKY_RELU2=0.5 FF_LEAKY_FORM=fnm,
2026-09-29,C,0148_G_C0,M12,K57,73,60,1.7047882062539743,,,,1,0139_G_M9,1.7047882062539743,0,,,
2026-09-29,C,0139_G_M9,M9,K57,73,60,1.7047882062539743,,,,1,,,,,,
2026-09-28,C,C36_cold_K57,M9,K57,73,2359,0.96192670224815,,,K57,0,C35_cold_K56a,0.96245,-0.00052,,FF_SEED=73,
2026-09-28,C,C35_cold_K56a,M9,K56,67,2360,0.9624483982673186,,,K56,0,C33_cold_K55,0.96335,-0.0009,,FF_ACC_IN_GRAPH=1,
2026-09-28,C,2359_R_g5ko02_s58,M7,KO0.2,58,2288,0.9638879215064954,,,,0,1200_R_g5_s58,0.96397,-0.00008,,FF_KEY_OFFSET_RAD=0.2,
2026-09-28,C,2325_R_g5ko05_s67,M7,KO0.5,67,2284,0.9649650268385211,,,,0,2032_R_g5ctl_s67,0.96497,0.0000,,FF_KEY_OFFSET_RAD=0.5,
2026-09-28,C,2324_R_g7_s79,M9,K57,79,2308,0.9636717092097281,,,,0,0626_R_g7_s73,0.96310,,,FF_SEED=79,
2026-09-28,C,2254_R_g5ko05_s53,M7,KO0.5,53,2287,0.9653130821945343,,,,0,1728_R_g5ctl_s53,0.96570,-0.0004,,FF_KEY_OFFSET_RAD=0.5,
2026-09-28,C,2253_R_g7mb08_s73,M9,MUON_BETA2=0.8,73,2312,0.9635697952989607,,,,0,0626_R_g7_s73,0.96310,+0.0005,+0.0004,FF_MUON_BETA2=0.8,
2026-09-28,C,2222_R_g7rope3_s73,M9,ROPE_BASE=300000,73,2322,0.963258119338943,,,,0,0626_R_g7_s73,0.96310,+0.00016,+0.0004,FF_ROPE_BASE=300000,
2026-09-28,C,2217_R_g5ko05_s58,M7,KO0.5,58,2290,0.9638070784042833,,,,0,1200_R_g5_s58,0.96397,-0.00016,,FF_KEY_OFFSET_RAD=0.5,
2026-09-28,C,2150_R_g7wds2_s73,M11,WD_SCHED=2,73,2322,0.9628580319862934,,,,0,0626_R_g7_s73,0.96310,-0.00025,-0.00001,FF_WD_SCHED=2,
2026-09-28,C,2119_R_g7wds1_s67,M11,WD_SCHED=1,67,2309,0.9637953819554526,,,,0,0202_R_g6acc_s67,0.96374,+0.00006,-0.00006,FF_WD_SCHED=1,
2026-09-28,C,2048_R_g7wds1_s58,M11,WD_SCHED=1,58,2299,0.9635612809722384,,,,0,0054_R_g6acc_s58,0.96359,-0.00003,-0.00035,FF_WD_SCHED=1,
2026-09-28,C,2017_R_g7mp93_s73,M11,MOM_PEAK=0.93,73,2309,0.963645392199859,,,,0,0626_R_g7_s73,0.96310,+0.00055,+0.0004,FF_MOM_PEAK=0.93,
2026-09-28,C,1939_R_g7lrm_s73,M11c,LK0.5-max,73,2177,0.9657765539794503,,,,0,0626_R_g7_s73,0.96310,+0.0027,,FF_LEAKY_RELU2=0.5 FF_LEAKY_FORM=max,
2026-09-28,C,1908_R_g7sb99_s73,M11,SCALAR_BETA2=0.99,73,2307,0.9634081950978367,,,,0,0626_R_g7_s73,0.96310,+0.0003,+0.0001,FF_SCALAR_BETA2=0.99,
2026-09-28,C,1836_R_g7wds1_s73,M11,WD_SCHED=1,73,2307,0.9631912087713674,,,,0,0626_R_g7_s73,0.96310,+0.00009,-0.00011,FF_WD_SCHED=1,
2026-09-28,C,1759_R_g7mp97_s73,M11,MOM_PEAK=0.97,73,2311,0.965083539386232,,,,0,0626_R_g7_s73,0.96310,+0.0020,,FF_MOM_PEAK=0.97,
2026-09-28,C,1722_R_g7lrb_s73,M10b,LK0.5-abs,73,2235,0.9644795382087474,,,,0,0626_R_g7_s73,0.96310,+0.0014,,FF_LEAKY_RELU2=0.5,
2026-09-28,C,1644_R_g7xe_s73,M10,XSA-early,73,2235,0.9643279143904496,,,,0,0626_R_g7_s73,0.96310,+0.0012,,"FF_XSA_LAYERS=0,1,2,3",
2026-09-28,C,1607_R_g7xa_s73,M10,XSA-all,73,2103,0.9664835871106051,,,,0,0626_R_g7_s73,0.96310,+0.0034,,FF_XSA_LAYERS=all,
2026-09-28,C,1605_G_C1,M10,K57,73,60,1.7047882062539743,,,,1,,,,,,
2026-09-28,C,1601_G_LR,M10,LK0.5,73,60,,,,,1,,,,,FF_LEAKY_RELU2=0.5,
2026-09-28,C,1553_G_XL,M10,XSA-late,73,60,1.7046648775214508,,,,1,1535_G_M9,1.7047882062539743,,,"FF_XSA_LAYERS=5,6,7,8",
2026-09-28,C,1544_G_XA,M10,XSA-all,73,60,1.6908154220729164,,,,1,1535_G_M9,1.7047882062539743,-0.014,,FF_XSA_LAYERS=all,
2026-09-28,C,1537_G_C0,M10,K57,73,60,1.7047882062539743,,,,1,,,,,,
2026-09-28,C,1535_G_M9,M9,K57,73,60,1.7047882062539743,,,,1,,,,,,
2026-09-28,C,1502_R_g7_s109,M9,K57,109,2307,0.9642620358624768,,,,0,0626_R_g7_s73,0.96310,,,FF_SEED=109,
2026-09-28,C,1500_G_CC1,M9,K57,73,60,2.7297920509767097,,,,1,,,,,,
2026-09-28,C,1456_G_CF16,M9,FUSED_CE=16,73,60,2.730508458467589,,,,1,1443_G_CC0,,,,FF_FUSED_CE=16,
2026-09-28,C,1451_G_CF4,M9,FUSED_CE=4,73,60,2.730154984903662,,,,1,1443_G_CC0,,,,FF_FUSED_CE=4,
2026-09-28,C,1443_G_CC0,M9,K57,73,60,2.7297920509767097,,,,1,,,,,,
2026-09-28,C,1410_R_g7_s107,M9,K57,107,2305,0.9641510056018855,,,,0,0626_R_g7_s73,0.96310,,,FF_SEED=107,
2026-09-28,C,1339_R_g7_s103,M9,K57,103,2308,0.9643445990306935,,,,0,0626_R_g7_s73,0.96310,,,FF_SEED=103,
2026-09-28,C,1308_R_g7_s101,M9,K57,101,2313,0.9637602066056603,,,,0,0626_R_g7_s73,0.96310,,,FF_SEED=101,
2026-09-28,C,1205_R_g7ulr72_s58,M9,UNEMB_LR=0.0072,58,2303,0.9639216348001838,,,,0,0054_R_g6acc_s58,0.96359,+0.0003,,FF_UNEMB_LR=0.0072,
2026-09-28,C,1134_R_g7elr36_s58,M9,EMB_LR=0.36,58,2305,0.9636256114408072,,,,0,0054_R_g6acc_s58,0.96359,+0.00004,,FF_EMB_LR=0.36,
2026-09-28,C,1100_R_g7wu40_s58,M9,warmup40,58,2272,0.9642543815687568,,,,0,0054_R_g6acc_s58,0.96359,+0.0007,,warmup=40,
2026-09-28,C,1029_R_g7qk16_s67,M9,QK1.6,67,2313,0.963495230437665,,,,0,0202_R_g6acc_s67,0.96374,-0.00024,,FF_QK_GAIN=1.6,
2026-09-28,C,0958_R_g7qk16_s73,M9,QK1.6,73,2308,0.9638760530510642,,,,0,0626_R_g7_s73,0.96310,+0.00078,,FF_QK_GAIN=1.6,
2026-09-28,C,0921_R_g7sc18_s58,M9,softcap18,58,2313,0.9639469197704501,,,,0,0054_R_g6acc_s58,0.96359,+0.0004,,softcap=18,
2026-09-28,C,0844_R_g7qk16_s58,M9,QK1.6,58,2313,0.9633072272233718,,,,0,0054_R_g6acc_s58,0.96359,-0.00028,,FF_QK_GAIN=1.6,
2026-09-28,C,0657_R_g7_s77,M9,K57,77,2313,0.9648217453403453,,0.9719712032629577,,0,0202_R_g6acc_s67,0.96374,,,FF_SEED=77,
2026-09-28,C,0626_R_g7_s73,M9,K57,73,2314,0.9631027113754353,,0.9700958709072455,,0,,,,,FF_ACC_IN_GRAPH=1 FF_SEED=73,
2026-09-28,C,0554_R_g7_s71,M9,K57,71,2304,0.9643091656710004,,0.9714686166803637,,0,0202_R_g6acc_s67,0.96374,,,FF_SEED=71,
2026-09-28,C,0523_R_g7_s62,M9,K57,62,2304,0.9639850192324501,,0.9711067819935277,,0,0202_R_g6acc_s67,0.96374,,,FF_SEED=62,
2026-09-28,C,0521_G_OC1,M9,K56,67,60,,,,,1,,,,,,
2026-09-28,C,0519_G_O50b,M9,MUON_SCHED_OP_US=50,67,60,,,,,1,,,,,FF_MUON_SCHED_OP_US=50,
2026-09-28,C,0516_G_O50a,M9,MUON_SCHED_OP_US=50,67,60,,,,,1,,,,,FF_MUON_SCHED_OP_US=50,
2026-09-28,C,0509_G_OC0,M9,K56,67,60,,,,,1,,,,,,
2026-09-28,C,0436_R_g7_s61,M9,K57,61,2304,0.9643471791297002,,0.9714664736014008,,0,0202_R_g6acc_s67,0.96374,,,FF_SEED=61,
2026-09-28,C,0359_R_g7_s51,M9,K57,51,2305,0.9653315729040828,,0.9725965675306532,,0,0202_R_g6acc_s67,0.96374,,,FF_SEED=51,
2026-09-28,C,0315_R_g5alr17s_s58,M7,ADAMW_LR=1.7,58,2285,0.9645522970007383,,,,0,1200_R_g5_s58,0.96397,+0.0006,,FF_ADAMW_LR_SCALE=1.7 FF_SCALAR_LR=0.1664,
2026-09-28,C,0202_R_g6acc_s67,M9,K57,67,2313,0.9637398238235068,,0.9709075447815558,,0,2103_R_g5ko03_s67,0.96446,-0.00072,,FF_ACC_IN_GRAPH=1,
2026-09-28,C,0131_R_g6acc_s53,M9,K57,53,2309,0.9646986746177224,,0.9718363966830322,,0,1902_R_g5ko03_s53,0.96547,-0.00077,,FF_ACC_IN_GRAPH=1,
2026-09-28,C,0054_R_g6acc_s58,M9,K57,58,2310,0.9635915541339178,,0.9705845620423702,,0,1524_R_g5ko03_s58,0.96392,-0.00033,,FF_ACC_IN_GRAPH=1,
2026-09-28,C,0049_G_ACC2,M9,ACC,67,60,2.735279405544306,,,,1,0047_G_AC1,2.7352049,,,FF_ACC_IN_GRAPH=1,
2026-09-28,C,0047_G_AC1,M9,K54c,67,60,2.7352049266863103,,,,1,,,,,,
2026-09-28,C,0039_G_ACC1,M9,ACC_IN_GRAPH,67,60,2.735279405544306,,,,1,0031_G_AC0,2.7352049,+0.00007,,FF_ACC_IN_GRAPH=1,
2026-09-28,C,0031_G_AC0,M9,K54c,67,60,2.7352049266863103,,,,1,,,,,,
2026-09-27,A,desc:M7S60_Z2,M7,ZERO2,,60,,,,,1,,,,,FF_MUON_ZERO2=1,
2026-09-27,A,desc:M7S60_Z1,M7,MUON_ZERO2,67,60,2.7213293262345073,,,,1,desc:M7S60_C1,2.7213293262345073,0,,FF_MUON_ZERO2=1,
2026-09-27,A,desc:M7S60_T2,M7,K54a,67,60,1.7381528425633077,,,,1,desc:M7S60_T0,1.7381528425633077,0,,FF_MUON_ZERO2=1 FF_ADAMW_ZERO=1,
2026-09-27,A,desc:M7S60_T0,M7,K53,67,60,1.7381528425633077,,,,1,,,,,,
2026-09-27,A,desc:M7S60_R0_K53M7_off,M6,K53,67,60,2.7213293262345073,,,,1,,,,,,
2026-09-27,A,desc:M7S60_K2,M7,K54a,,60,,,,,1,,,,,FF_MUON_ZERO2=1 FF_ADAMW_ZERO=1,
2026-09-27,A,desc:M7S60_K1,M7,K54a,67,60,2.7213293262345073,,,,1,desc:M7S60_C1,2.7213293262345073,0,,FF_MUON_ZERO2=1 FF_ADAMW_ZERO=1,
2026-09-27,A,desc:M7S60_C2,M7,K53,,60,2.7213293262345073,,,,1,,,,,,
2026-09-27,A,desc:M7S60_C1,M7,K53,67,60,2.7213293262345073,,,,1,,,,,,
2026-09-27,A,desc:M6S60_SMEAR,M6,SMEAR,67,60,,,,,1,,,,,FF_SMEAR=1,
2026-09-27,A,desc:M6S60_PTP,M6,PTP_W=0.25,67,60,,,,,1,desc:M6S60_P0_K52M6,,,,FF_PTP_W=0.25,
2026-09-27,A,desc:M6S60_P0_K52M6,M6,K52,,60,2.51194500347878,,,,1,,,,,,
2026-09-27,A,desc:G4_s67,M7,G4,67,2142,0.96509,,,,0,desc:G3_ZERO_A_s67,0.96647,-0.0014,,FF_MUON_ZERO2=1 FF_ADAMW_ZERO=1 FF_EMA_EVERY=32,
2026-09-27,A,desc:G4_d10_s67,M7,d10,67,,,,,,0,,,,,FF_DEPTH=10,
2026-09-27,A,desc:G4_RAMP3_s67,M7,RAMP3,67,2291,0.96480,,,,0,desc:G4_s67,0.96509,-0.0003,,"FF_ACCUM_SCHED=1:0.06,2:0.2,4 FF_ACCUM_LR=0.5,0.7071",
2026-09-27,A,desc:G4_P30_s67,M7,P30,67,,,,,,0,desc:G4_s67,0.96509,+0.00003,,"FF_ACCUM_SCHED=2:0.3,4",
2026-09-27,A,desc:G3_ZERO_A_s67,M6,G3-ZERO,67,2089,0.96647,,,,0,desc:G2_FADE_A_s67,0.96846,-0.0020,,FF_MUON_ZERO=1,
2026-09-27,A,desc:G3_ZERO_A_s53,M6,G3-ZERO,53,2094,0.96749,,,,0,desc:G2_FADE_A_s53,0.96948,-0.0020,,FF_MUON_ZERO=1,
2026-09-27,A,desc:G3_RAMP3_s67,M6,RAMP3,67,2209,0.96637,,,,0,desc:G3_ZERO_A_s67,0.96647,-0.0001,,"FF_ACCUM_SCHED=1:0.06,2:0.2,4 FF_ACCUM_LR=0.5,0.7071",
2026-09-27,A,desc:G3_RAMP3_s53,M6,RAMP3,53,,,,,,0,desc:G3_ZERO_A_s53,0.96749,-0.00015,,"FF_ACCUM_SCHED=1:0.06,2:0.2,4 FF_ACCUM_LR=0.5,0.7071",
2026-09-27,A,desc:G3_PTP_s53,M6,PTP_W=0.25,53,,,,,,0,desc:G3_ZERO_A_s53,0.96749,+0.0004,,FF_PTP_W=0.25,
2026-09-27,A,desc:G3_PTP_A_s67,M6,PTP_W=0.25,67,2078,0.96639,,,,0,desc:G3_ZERO_A_s67,0.96647,-0.0001,,FF_PTP_W=0.25,
2026-09-27,A,desc:G3_PS_s67,M6,ATTN_PROJ_STD=0.004,67,,,,,,0,desc:G2_FADE_A_s67,0.96846,+0.0007,,FF_ATTN_PROJ_STD=0.004,
2026-09-27,A,desc:G3_P30_s67,M6,P30,67,,,,,,0,desc:G3_ZERO_A_s67,0.96647,-0.0002,,"FF_ACCUM_SCHED=2:0.3,4",
2026-09-27,A,desc:G3_P30_s53,M6,P30,53,,,,,,0,desc:G3_ZERO_A_s53,0.96749,+0.0001,,"FF_ACCUM_SCHED=2:0.3,4",
2026-09-27,A,desc:G3_CE_BF16_s67,M6,CE_BF16,67,2119,0.96852,,,,0,desc:G3_ZERO_A_s67,0.96647,+0.0021,,FF_CE_BF16=1,
2026-09-27,A,desc:G2_SLR0.4_s67,M5,SCALAR_LR=0.4,67,,,,,,0,desc:G2_FADE_A_s67,0.96846,+0.0050,,FF_SCALAR_LR=0.4,
2026-09-27,A,desc:G2_SC_s67,M5,softcap A/B,67,,0.96890,,,,0,desc:G2_FADE_A_s67,0.96846,+0.0004,,FF_SOFTCAP_A=11.5 FF_SOFTCAP_B=5,
2026-09-27,A,desc:G2_KO0.03_s67,M5,KO_RAD=0.03,67,,0.97052,,,,0,desc:G1_KO_A_s67,0.96892,+0.0016,,FF_KEY_OFFSET_RAD=0.03,
2026-09-27,A,desc:G2_KO0.03_s53,M5,KO_RAD=0.03,53,,,,,,0,desc:G1_KO_A_s53,0.97005,+0.0002,,FF_KEY_OFFSET_RAD=0.03,
2026-09-27,A,desc:CEBF16S60_ctl,M6,ZERO,,60,2.51192,,,,1,,,,,,
2026-09-27,A,desc:CEBF16S60_arm,M6,CE_BF16,67,60,2.51017,,,,1,desc:CEBF16S60_ctl,2.51192,,,FF_CE_BF16=1,
2026-09-27,A,desc:0063a_G3_MPL2_s67,M7a,MLP_PROJ_LR=2,67,2085,0.97093,,,,0,desc:G3_ZERO_A_s67,0.96647,+0.0045,,FF_MLP_PROJ_LR=2,
2026-09-27,C,C33_cold_K55,M8,K55,67,2337,0.9633543570318955,,,K55,0,C32_cold_K54b,0.96326,+0.0001,-0.0003,FF_KEY_OFFSET_RAD=0.3,
2026-09-27,C,C32_cold_K54b,M7,K54b,67,2353,0.9632608714445502,,,K54b,0,C31_cold_K54a,0.96389,-0.00063,,"FF_ACCUM_SCHED=1:0.06,2:0.2,4 FF_ACCUM_LR=0.5,0.7071",
2026-09-27,C,C31_cold_K54a,M7,K54a,67,2195,0.9638874054866939,,,K54a,0,C30_cold_K53,0.96515,-0.00126,,FF_MUON_ZERO2=1 FF_ADAMW_ZERO=1,
2026-09-27,C,C30_cold_K53,M6,K53,67,2142,0.9651481278647015,,,K53,0,C29_cold_K52,0.96744,-0.0023,,FF_MUON_ZERO=1 FF_EMA_PREWARM=1 FF_EMA_EVERY=32 FF_TIME_TARGET=1790.5,
2026-09-27,C,2348_R_g1ko003_s58,M5,KO_RAD=0.03,58,1999,0.9701677104823706,,,,0,1805_R_g0ko_s58,0.96840,+0.0018,,FF_KEY_OFFSET_RAD=0.03,
2026-09-27,C,2103_R_g5ko03_s67,M7,KO0.3,67,2286,0.9644606174826978,,,,0,2032_R_g5ctl_s67,0.96497,-0.0005,,FF_KEY_OFFSET_RAD=0.3,
2026-09-27,C,2032_R_g5ctl_s67,M7,G5,67,2286,0.9649696710167334,,,,0,,,,,,
2026-09-27,C,2021_G_OH,M9,CE_ONEHOT,67,60,2.735200282508098,,,,1,2005_G_C0,2.7352049266863103,,,FF_CE_ONEHOT=2,
2026-09-27,C,2013_G_LN,M9,MTP_LOSS_NEXT,67,60,2.7352049266863103,,,,1,2005_G_C0,2.7352049266863103,0,,FF_MTP_LOSS_NEXT=1,
2026-09-27,C,2005_G_C0,M9,K54c,67,60,2.7352049266863103,,,,1,,,,,,
2026-09-27,C,1933_R_g5r3p30_s53,M7,RAMP3+P30,53,2445,0.9656386046858884,,,,0,1728_R_g5ctl_s53,0.96570,-0.00006,,"FF_ACCUM_SCHED=1:0.06,2:0.3,4",
2026-09-27,C,1902_R_g5ko03_s53,M7,KO0.3,53,2282,0.9654729623296537,,,,0,1728_R_g5ctl_s53,0.96570,-0.0002,,FF_KEY_OFFSET_RAD=0.3,
2026-09-27,C,1831_R_g5wd03_s58,M7,WD=0.03,58,2290,0.9643068435818944,,,,0,1200_R_g5_s58,0.96397,+0.0003,,FF_WD=0.03,
2026-09-27,C,1800_R_g5mlr23_s58,M7,MLR=2.3,58,2300,0.96444238478305,,,,0,1200_R_g5_s58,0.96397,+0.0005,,FF_MATRIX_LR_SCALE=2.3,
2026-09-27,C,1728_R_g5ctl_s53,M7,G5,53,2300,0.965703279167658,,,,0,,,,,,
2026-09-27,C,1657_R_g5wd012_s58,M7,WD=0.012,58,2287,0.9645589192548557,,,,0,1200_R_g5_s58,0.96397,+0.0006,,FF_WD=0.012,
2026-09-27,C,1626_R_g5mlr175_s58,M7,MLR=1.75,58,2286,0.9643964590207295,,,,0,1200_R_g5_s58,0.96397,+0.0004,,FF_MATRIX_LR_SCALE=1.75,
2026-09-27,C,1555_R_g5r3p30_s58,M7,RAMP3+P30,58,2453,0.9639852772423507,,,,0,1200_R_g5_s58,0.96397,+0.00002,,"FF_ACCUM_SCHED=1:0.06,2:0.3,4",
2026-09-27,C,1524_R_g5ko03_s58,M7,KO0.3,58,2300,0.9639176786483734,,,,0,1200_R_g5_s58,0.96397,-0.00005,,FF_KEY_OFFSET_RAD=0.3,
2026-09-27,C,1521_G_F3,M8,K54c,67,60,2.7352049266863103,,,,1,,,,,,
2026-09-27,C,1514_G_F2,M8,K54c,67,60,2.7352049266863103,,,,1,,,,,NEURON_RT_STOCHASTIC_ROUNDING_EN=1,
2026-09-27,C,1505_G_E2,M6,K53,67,5,3.18957997053078,,,,1,,,,,FF_TIME_TARGET=30,
2026-09-27,C,1503_G_E1,M7,K54b,67,5,3.18957997053078,,,,1,,,,,FF_TIME_TARGET=30,
2026-09-27,C,1423_R_g5mtp50_s58,M7,MTP_PHASES p2=0.5,58,2301,0.9641223665029104,,,,0,1200_R_g5_s58,0.96397,+0.00015,,"FF_MTP_PHASES=0.2,0.5",
2026-09-27,C,1415_G_KM,M7,K54b,67,60,2.7352049266863103,,,,1,,,,,,
2026-09-27,C,1407_G_KB,M7,K54b,67,60,2.7352049266863103,,,,1,,,,,,
2026-09-27,C,1308_R_g5lr68_s58,M7,"ACCUM_LR=0.6,0.8",58,2303,0.9641590039088065,,,,0,1200_R_g5_s58,0.96397,+0.0002,,"FF_ACCUM_LR=0.6,0.8",
2026-09-27,C,1237_R_g5r08_s58,M7,ACCUM first stage 0.08,58,2353,0.964058552054143,,,,0,1200_R_g5_s58,0.96397,+0.0001,,"FF_ACCUM_SCHED=1:0.08,2:0.2,4",
2026-09-27,C,1200_R_g5_s58,M7,G5,58,2301,0.9639694526351092,,,,0,,,,,,
2026-09-27,C,1048_R_g4r3_s53,M7,RAMP3,53,2278,0.9660418741606464,,,,0,0946_R_g4_s53,0.96633,-0.0003,,"FF_ACCUM_SCHED=1:0.06,2:0.2,4 FF_ACCUM_LR=0.5,0.7071",
2026-09-27,C,1017_R_g4p30_s53,M7,P30,53,2302,0.9659691153686554,,,,0,0946_R_g4_s53,0.96633,-0.0004,,"FF_ACCUM_SCHED=2:0.3,4",
2026-09-27,C,0946_R_g4_s53,M7,G4,53,2150,0.9663345433913141,,,,0,,,,,FF_MUON_ZERO2=1 FF_ADAMW_ZERO=1 FF_EMA_EVERY=32,
2026-09-27,C,0915_R_g4r3_s58,M7,RAMP3,58,2287,0.9642948891231631,,,,0,0806_R_g4_s58,0.96467,-0.0004,,"FF_ACCUM_SCHED=1:0.06,2:0.2,4 FF_ACCUM_LR=0.5,0.7071",
2026-09-27,C,0843_R_g4p30_s58,M7,P30,58,2306,0.9644634555916053,,,,0,0806_R_g4_s58,0.96467,-0.0002,,"FF_ACCUM_SCHED=2:0.3,4",
2026-09-27,C,0806_R_g4_s58,M7,G4,58,2150,0.9646692614890452,,,,0,0127_R_g2zero_s58,0.96607,-0.0014,,FF_MUON_ZERO2=1 FF_ADAMW_ZERO=1 FF_EMA_EVERY=32,
2026-09-27,C,0653_R_g3ramp3_s67,M6,RAMP3,67,2216,0.9663279211371968,,,,0,0245_R_g2zero_s67,0.96629,+0.00004,,"FF_ACCUM_SCHED=1:0.06,2:0.2,4 FF_ACCUM_LR=0.5,0.7071",
2026-09-27,C,0609_R_g3p30_s58,M6,P30,58,2240,0.9659209535205291,,,,0,0127_R_g2zero_s58,0.96607,-0.00015,,"FF_ACCUM_SCHED=2:0.3,4",
2026-09-27,C,0538_R_g3ramp3_s58,M6,RAMP3,58,2219,0.9657491189266783,,,,0,0127_R_g2zero_s58,0.96607,-0.0003,,"FF_ACCUM_SCHED=1:0.06,2:0.2,4 FF_ACCUM_LR=0.5,0.7071",
2026-09-27,C,0501_R_g2ps_s58,M5,ATTN_PROJ_STD=0.004,58,2001,0.9683928603756142,,,,0,1917_R_g1fade_s58,0.96822,+0.0002,,FF_ATTN_PROJ_STD=0.004,
2026-09-27,C,0430_R_g3ptp_s67,M6,PTP_W=0.25,67,2077,0.9665269327739189,,,,0,0245_R_g2zero_s67,0.96629,+0.0002,,FF_PTP_W=0.25,
2026-09-27,C,0356_R_g3ptp_s58,M6,PTP_W=0.25,58,2078,0.9665457674966683,,,,0,0127_R_g2zero_s58,0.96607,+0.0005,,FF_PTP_W=0.25,
2026-09-27,C,0322_R_g3cebf16_s58,M6,CE_BF16,58,2120,0.9683820239597858,,,,0,0127_R_g2zero_s58,0.96607,+0.0023,,FF_CE_BF16=1,
2026-09-27,C,0245_R_g2zero_s67,M6,G3-ZERO,67,2091,0.966289133648795,,,,0,2134_R_g1fade_s67,0.96848,-0.0022,,FF_MUON_ZERO=1,
2026-09-27,C,0127_R_g2zero_s58,M6,G3-ZERO,58,2093,0.9660723193289262,,,,0,1917_R_g1fade_s58,0.96822,-0.0022,,FF_MUON_ZERO=1,
2026-09-27,C,0124_G_Z2,M6,ZERO,67,60,2.5119155903501027,,,,1,,,,,FF_MUON_ZERO=1,
2026-09-27,C,0116_G_Z1,M6,MUON_ZERO,67,60,2.5119155903501027,,,,1,0108_G_I2,2.51194500347878,,,FF_MUON_ZERO=1,
2026-09-27,C,0108_G_I2,M6,K52,67,60,2.51194500347878,,,,1,,,,,,
2026-09-27,C,0101_G_I1,M5,K52,67,60,2.51194500347878,,,,1,,,,,,
2026-09-27,C,0026_R_g2sc_s58,M5,softcap A/B,58,2008,0.9683917423327113,,,,0,1917_R_g1fade_s58,0.96822,+0.0002,,FF_SOFTCAP_A=11.5 FF_SOFTCAP_B=5,
2026-09-26,A,desc:T5_XU32_screen,M2,XU32,58,60,,,,,1,,,,,NEURON_RT_XU_COMPUTE_MAX_QUEUED_REQUESTS=32,
2026-09-26,A,desc:T5_XU16_screen,M2,XU16,,60,,,,,1,,,,,NEURON_RT_XU_COMPUTE_MAX_QUEUED_REQUESTS=16,
2026-09-26,A,desc:T4forcedswitch_screen,M2,T4,58,60,,,,,1,,,,,"FF_ACCUM_SCHED=2:0.12,4 FF_ACCUM_FORCE_STEPS=1",
2026-09-26,B,desc:R9_screen,M2,MTP,67,60,,,,,1,,,,,FF_MTP=1,
2026-09-26,B,desc:R8prime_screen_ctl,ad7f75a5,K46,,60,2.2328,,,,1,,,,,,
2026-09-26,B,desc:R8prime_screen,ad7f75a5,R8prime,,60,2.2671,,,,1,desc:R8prime_screen_ctl,2.2328,,,,
2026-09-26,B,desc:R8prime_s67,ad7f75a5,R8',67,1724,0.97979,,,,0,2055_R_k45of2_s67,0.97843,+0.0014,,FF_KEY_OFFSET=1 FF_SOFTCAP_A=11.5 FF_SOFTCAP_B=5 FF_ATTN_PROJ_STD=0.0156,
2026-09-26,A,desc:R8prime_s58,ad7f75a5,R8',58,1715,0.98037,,,,0,2054_R_k45of2_s58,0.97955,+0.0008,,FF_KEY_OFFSET=1 FF_SOFTCAP_A=11.5 FF_SOFTCAP_B=5 FF_ATTN_PROJ_STD=0.0156,
2026-09-26,B,desc:R5_screen,M2,MUON_SCHED,67,60,2.233694398100379,,,,1,,,,,FF_MUON_SCHED=1,
2026-09-26,A,desc:M1S60_ctl1,M1,K47,58,60,,,,,1,,,,,,
2026-09-26,A,desc:M1S60_PARALLEL_BLOCK,M1,PARALLEL_BLOCK,58,60,,,,,1,,,,,FF_PARALLEL_BLOCK=1,
2026-09-26,A,desc:M1S60_ADD_PROBE,M1,ADD_PROBE,58,60,,,,,1,,,,,FF_ADD_PROBE=1,
2026-09-26,A,"desc:K50_warmup2:0.2,4_s58",M3,"ACCUM 2:0.2,4",58,,0.97036,,,,0,desc:K50_A_s58,0.97069,-0.0003,,"FF_ACCUM_SCHED=2:0.2,4",
2026-09-26,A,"desc:K50_warmup2:0.06,4_s58",M3,"ACCUM 2:0.06,4",58,,,,,,0,desc:K50_A_s58,0.97069,+0.0001,,"FF_ACCUM_SCHED=2:0.06,4",
2026-09-26,A,desc:K50_d8_s67,M4,d8,67,2087,0.97046,,,,0,desc:K50_A_s67,0.97005,+0.0004,,FF_DEPTH=8 FF_ASPECT_RATIO=128,
2026-09-26,A,desc:K50_d10_s67,M4,d10,67,1756,0.97150,,,,0,desc:K50_A_s67,0.97005,+0.0015,,FF_DEPTH=10 FF_ASPECT_RATIO=102,
2026-09-26,A,desc:K50_accumLR1.0_s58,M3,ACCUM_LR=1.0,58,,,,,,0,desc:K50_A_s58,0.97069,+0.0006,,FF_ACCUM_LR=1.0,
2026-09-26,A,desc:K50_A_s67,M3,K50,67,,0.97005,,,,0,,,,,FF_SEED=67,
2026-09-26,A,desc:K50_A_s64,M3,K50,64,1897,0.96999,,,,0,desc:K48T4_A_s64,0.97222,,,FF_SEED=64,
2026-09-26,A,desc:K50_A_s58,M3,K50,58,1896,0.97069,,,,0,desc:K48T4_A_s58,0.97191,,,FF_SEED=58,
2026-09-26,A,desc:K50_A_s53,M3,K50,53,,0.97018,,,,0,,,,,FF_SEED=53,
2026-09-26,A,desc:K50_A_s52,M3,K50,52,,0.97060,,,,0,,,,,FF_SEED=52,
2026-09-26,B,desc:K49_B_s67,M3,K49,67,1764,0.97194,,,,0,desc:K47_MTP_s67,0.97329,-0.0014,,XU_QUEUE_DEFAULT=32 FF_MASK_BOS_TARGET=1,
2026-09-26,B,desc:K49T4_B_s67,M3,K50,67,1915,0.97005,,,,0,desc:K49_B_s67,0.97194,-0.0019,,"FF_ACCUM_SCHED=2:0.12,4 FF_ACCUM_LR=0.7071",
2026-09-26,B,desc:K48_T8_s67,M2,T8,67,1736,0.97310,,,,0,desc:K47_MTP_s67,0.97329,-0.0002,,FF_MASK_BOS_TARGET=1,
2026-09-26,A,desc:K48_MTPweights_s58,M2,"MTP_W=1,0.75,0.5",58,,0.97450,,,,0,desc:K47_MTP_s58,0.97472,-0.0002,,"FF_MTP_W=1,0.75,0.5",
2026-09-26,A,desc:K48_MTPlatefade_s58,M2,"MTP_PHASES=0.5,0.9",58,,0.97802,,,,0,desc:K47_MTP_s58,0.97472,+0.0033,,"FF_MTP_PHASES=0.5,0.9",
2026-09-26,A,desc:K48_MTPearlyfade_s58,M2,"MTP_PHASES=0.2,0.45",58,,0.97452,,,,0,desc:K47_MTP_s58,0.97472,-0.0002,,"FF_MTP_PHASES=0.2,0.45",
2026-09-26,A,desc:K48T4_A_s64,M2,T4,64,1868,0.97222,,,,0,desc:K47_MTP_s64,0.97319,-0.0010,,"FF_ACCUM_SCHED=2:0.12,4 FF_ACCUM_LR=0.7071",
2026-09-26,A,desc:K48T4_A_s58,M2,T4,58,1867,0.97191,,,,0,desc:K47_MTP_s58,0.97472,-0.0028,,"FF_ACCUM_SCHED=2:0.12,4 FF_ACCUM_LR=0.7071",
2026-09-26,A,desc:K47_XU32_s58,M3,XU32,58,1761,0.97776,,,,0,desc:K47_A_s58,0.97861,-0.0008,,FF_XU_QUEUE=32,
2026-09-26,B,desc:K47_MTP_s67,M2,MTP,67,1737,0.97329,,,,0,desc:K47_B_s67,0.97706,-0.0038,,FF_MTP=1,
2026-09-26,A,desc:K47_MTP_s64,M2,MTP,64,1726,0.97319,,,,0,desc:K47_A_s64,0.97849,-0.0053,,FF_MTP=1,
2026-09-26,A,desc:K47_MTP_s58,M2,MTP,58,1722,0.97472,,,,0,desc:K47_A_s58,0.97861,-0.0039,,FF_MTP=1,
2026-09-26,B,desc:K47_B_s67,M2,K47,67,1758,0.97706,,,,0,2055_R_k45of2_s67,0.97843,-0.0014,,FF_MUON_SCHED=1,
2026-09-26,A,desc:K47_A_s64,M2,K47,64,1747,0.97849,,,,0,,,,,FF_MUON_SCHED=1 FF_SEED=64,
2026-09-26,A,desc:K47_A_s58,M2,K47,58,1739,0.97861,,,,0,2054_R_k45of2_s58,0.97955,-0.0009,,FF_MUON_SCHED=1,
2026-09-26,A,desc:K46cfg_s70,M2,K46,70,,0.98297,,,,0,,,,,FF_SEED=70,
2026-09-26,B,desc:K46_B_s53,M2,K46,53,,0.97951,,,,0,,,,,FF_SEED=53,
2026-09-26,B,desc:K46_B_s52,M2,K46,52,,0.97960,,,,0,,,,,FF_SEED=52,
2026-09-26,A,desc:K46_A_s66,M2,K46,66,,0.97961,,,,0,,,,,FF_SEED=66,
2026-09-26,A,desc:K46_A_s65,M2,K46,65,,0.98093,,,,0,,,,,FF_SEED=65,
2026-09-26,A,desc:K46_A_s64,M2,K46,64,,0.97950,,,,0,,,,,FF_SEED=64,
2026-09-26,B,desc:K45cfg_cd0.65_s67,,cd0.65,67,1672,0.98020,,,,0,0031a_R_k45_s67,0.98018,+0.00002,,FF_COOLDOWN_FRAC=0.65,
2026-09-26,B,desc:K45cfg_cd0.55_s67,,cd0.55,67,1671,0.98012,,,,0,0031a_R_k45_s67,0.98018,-0.00006,,FF_COOLDOWN_FRAC=0.55,
2026-09-26,A,desc:K45cfg_cd0.55_s58,,cd0.55,58,1662,0.98131,,,,0,1928_R_asyncViews_s58,0.98156,,+0.0001,FF_COOLDOWN_FRAC=0.55,
2026-09-26,A,desc:G2_FADE_A_s67,M5,FADE,67,2012,0.96846,,,,0,desc:G1_KO_A_s67,0.96892,-0.00046,-0.0003,"FF_MTP_PHASES=0.2,0.45",
2026-09-26,A,desc:G2_FADE_A_s53,M5,FADE,53,2019,0.96948,,,,0,desc:G1_KO_A_s53,0.97005,-0.00057,,"FF_MTP_PHASES=0.2,0.45",
2026-09-26,A,desc:G1_MR450_s53,M5,MOM_RAMP=450,53,,,,,,0,desc:G1_KO_A_s53,0.97005,+0.0001,,FF_MOM_RAMP=450,
2026-09-26,A,desc:G1_MR450_A_s67,M4,MOM_RAMP=450,67,2005,0.96902,,,,0,desc:G1_KO_A_s67,0.96892,+0.0001,,FF_MOM_RAMP=450,
2026-09-26,A,desc:G1_KO_A_s67,M4,G1-KO,67,2006,0.96892,,,,0,desc:G0_A_s67,0.97069,-0.0018,-0.0015,FF_KEY_OFFSET=1,
2026-09-26,A,desc:G1_KO_A_s53,M4,G1-KO,53,2004,0.97005,,,,0,desc:G0_A_s53,0.97037,-0.0003,,FF_KEY_OFFSET=1,
2026-09-26,A,desc:G1_KO3.0_s67,M5,KO_RAD=3.0,67,,,,,,0,desc:G1_KO_A_s67,0.96892,+0.0014,,FF_KEY_OFFSET_RAD=3.0,
2026-09-26,A,desc:G1_KO3.0_pair3,M5,KO_RAD=3.0,53,,,,,,0,desc:G1_KO_A_s53,0.97005,-0.00005,,FF_KEY_OFFSET_RAD=3.0,
2026-09-26,A,desc:G1_KO1.0_s67,M5,KO_RAD=1.0,67,,,,,,0,desc:G1_KO_A_s67,0.96892,+0.0001,,FF_KEY_OFFSET_RAD=1.0,
2026-09-26,A,desc:G1_EWD0_s67,M5,EWD0,67,,,,,,0,desc:G1_KO_A_s67,0.96892,+0.0002,,EWD0=1,
2026-09-26,A,desc:G0_A_s67,M4,G0,67,1998,0.97069,,,,0,,,,,"FF_ACCUM_SCHED=2:0.2,4",
2026-09-26,A,desc:G0_A_s53,M4,G0,53,2006,0.97037,,,,0,,,,,"FF_ACCUM_SCHED=2:0.2,4",
2026-09-26,C,C29_cold_K52,M5,K52,67,2036,0.9674447599939269,,,K52,0,C28_cold_K51,0.96789,-0.00045,,"FF_MTP_PHASES=0.2,0.45",
2026-09-26,C,C28_cold_K51,M4,K51,67,2036,0.9678859569240843,,,K51,0,,,,,"FF_KEY_OFFSET=1 FF_ACCUM_SCHED=2:0.2,4 FF_INSURANCE_AT=9",
2026-09-26,B,C27_cold_K50,M3,K50,67,1943,0.96914,,,K50,0,C26_cold_K49,0.97103,-0.00189,,"FF_ACCUM_SCHED=2:0.12,4 FF_ACCUM_LR=0.7071",
2026-09-26,B,C26_cold_K49,M3,K49,67,1795,0.97103,,,K49,0,C25_cold_K48,0.97232,-0.00129,,XU_QUEUE_DEFAULT=32 FF_MASK_BOS_TARGET=1,
2026-09-26,B,C25_cold_K48,M2,K48,67,1768,0.97232,,,K48,0,C24_cold_K47,0.97629,-0.0040,,FF_MTP=1,
2026-09-26,B,C24_cold_K47,M2,K47,67,1781,0.97629,,,K47,0,C23_cold_K46,0.97725,-0.00096,,FF_MUON_SCHED=1,
2026-09-26,C,2236_R_g1ko3_s67,M5,KO_RAD=3.0,67,2001,0.9706709157919907,,,,0,1621_R_g0ko_s67,0.96892,+0.0018,,FF_KEY_OFFSET_RAD=3.0,
2026-09-26,C,2205_R_g1ko1_s58,M5,KO_RAD=1.0,58,2003,0.9685454302302144,,,,0,1805_R_g0ko_s58,0.96840,+0.0001,,FF_KEY_OFFSET_RAD=1.0,
2026-09-26,C,2134_R_g1fade_s67,M5,FADE,67,2010,0.9684847979035555,,,,0,1621_R_g0ko_s67,0.96892,-0.00044,,"FF_MTP_PHASES=0.2,0.45",
2026-09-26,C,2103_R_g1mr450_s58,M5,MOM_RAMP=450,58,2015,0.9685868838209233,,,,0,1805_R_g0ko_s58,0.96840,+0.0002,,FF_MOM_RAMP=450,
2026-09-26,C,2032_R_g1mr450_s67,M5,MOM_RAMP=450,67,1999,0.9691041076684802,,,,0,1621_R_g0ko_s67,0.96892,+0.0002,,FF_MOM_RAMP=450,
2026-09-26,C,1955_R_g1ko3_s58,M5,KO_RAD=3.0,58,1996,0.9698800294431158,,,,0,1805_R_g0ko_s58,0.96840,+0.0015,,FF_KEY_OFFSET_RAD=3.0,
2026-09-26,C,1917_R_g1fade_s58,M5,FADE,58,2000,0.9682151775573481,,,,0,1805_R_g0ko_s58,0.96840,-0.00018,,"FF_MTP_PHASES=0.2,0.45",
2026-09-26,C,1805_R_g0ko_s58,M4,G1-KO,58,2003,0.9684003426627338,,,,0,1454_R_k50acc20_s58,0.97014,-0.0017,,FF_KEY_OFFSET=1,
2026-09-26,C,1734_R_g0k5_s58,M4,K5,58,1751,0.9705491351188713,,,,0,1454_R_k50acc20_s58,0.97014,+0.0004,,"FF_ACCUM_SCHED=2:0.2,5",
2026-09-26,C,1621_R_g0ko_s67,M4,G1-KO,67,2001,0.9689210066422999,,,,0,1247_R_k50acc20_s67,0.97033,-0.0014,,FF_KEY_OFFSET=1,
2026-09-26,C,1454_R_k50acc20_s58,M3,G0,58,2007,0.9701389853800952,,,,0,1216_R_k50_s58,0.97075,-0.0006,,"FF_ACCUM_SCHED=2:0.2,4",
2026-09-26,C,1420_R_k50cd050_s67,M3,cd0.50,67,1903,0.9706011671155078,,,,0,1136_R_k50_s67,0.97070,-0.0001,,FF_COOLDOWN_FRAC=0.50,
2026-09-26,C,1349_R_k50cd070_s67,M3,cd0.70,67,1901,0.9706103694686319,,,,0,1136_R_k50_s67,0.97070,-0.0001,,FF_COOLDOWN_FRAC=0.70,
2026-09-26,C,1318_R_k50acc1_s67,M3,"ACCUM 1:0.06,4",67,1923,0.9704754302905779,,,,0,1136_R_k50_s67,0.97070,-0.0002,,"FF_ACCUM_SCHED=1:0.06,4 FF_ACCUM_LR=0.5",
2026-09-26,C,1247_R_k50acc20_s67,M3,G0,67,2006,0.9703303427230973,,,,0,1136_R_k50_s67,0.97070,-0.0004,,"FF_ACCUM_SCHED=2:0.2,4",
2026-09-26,C,1216_R_k50_s58,M3,K50,58,1898,0.9707477167390922,,,,0,,,,,FF_SEED=58,
2026-09-26,C,1136_R_k50_s67,M3,K50,67,1897,0.970703425039476,,,,0,,,,,FF_SEED=67,
2026-09-25,A,desc:zloss1e-3_s58,,zloss=1e-3,58,1364,1.0057,,,,0,,,,,z_loss=1e-3,
2026-09-25,B,desc:x0 init 9 r0.16 B s58,,x0_init,58,,,,,,0,,,,+0.0029,x0_init=9r0.16,
2026-09-25,A,desc:x0 init 20 r0.16 A s58,,x0_init,58,,,,,,0,,,,+0.051,x0_init=20r0.16,
2026-09-25,A,desc:unet_s67,,UNET,67,,,,,,0,desc:cd060_A_s67,0.98411,+0.00018,-0.00063,FF_UNET=1 FF_COOLDOWN_FRAC=0.60,
2026-09-25,B,desc:posw0.2_s58,,POS_WEIGHT=0.2,58,1385,0.9952,,,,0,,,,,FF_POS_WEIGHT=0.2,
2026-09-25,A,desc:loader_mode6_screen,,LOADER=6,58,60,,,,,1,,,,,FF_STAGE_LOADER=6,
2026-09-25,B,desc:gradbf16_s67,,GRAD_BF16,67,,0.98531,,,,0,desc:cd060_B_s67,0.98396,+0.00135,,FF_GRAD_BF16=1 FF_COOLDOWN_FRAC=0.60,
2026-09-25,B,desc:gradbf16_s58,,GRAD_BF16,58,,0.98588,,,,0,0255_P_attnbase_s58,0.98454,+0.00134,,FF_GRAD_BF16=1 FF_COOLDOWN_FRAC=0.60,
2026-09-25,A,desc:disable_dge_screen,,disable-dge,58,120,,,,,1,,,,,NEURON_CC_FLAGS=--disable-dge,
2026-09-25,A,desc:cd060_x0init9flat_s58,,x0_init,58,,,,,,0,,,,+0.070,x0_init=9flat,
2026-09-25,B,desc:cd060_x0init3flat_s58,,x0_init,58,,,,,,0,,,,+0.0037,x0_init=3flat,
2026-09-25,A,desc:cd060_wtestd3.2_s58,,wte_std=3.2,58,,,,,,0,,,+0.0017,,wte_init_std=3.2,
2026-09-25,B,desc:cd060_wtestd1.6_s67,,wte_std=1.6,67,,,,,,0,desc:cd060_B_s67,,+0.0007,,wte_init_std=1.6,
2026-09-25,A,desc:cd060_wtestd1.6_s58,,wte_std=1.6,58,,,,,,0,,,,-0.00028,wte_init_std=1.6,
2026-09-25,A,desc:cd060_wtestd0.4_s58,,wte_std=0.4,58,,,,,,0,,,,+0.00105,wte_init_std=0.4,
2026-09-25,A,desc:cd060_s121,,cd060,121,,0.98426,,,,0,desc:cd060_A_s67,0.98411,+0.00015,,FF_SEED=121,
2026-09-25,B,desc:cd060_momcooldown_s67,,MOM_COOLDOWN,67,1576,0.98391,,,,0,,0.98417,,0,muon_momentum_cooldown=1,
2026-09-25,B,desc:cd060_headstd0.004_s67,,head_std=0.004,67,,,,,,0,desc:cd060_B_s67,,+0.0013,,head_init_std=0.004,
2026-09-25,B,desc:cd060_headstd0.004_s58,,head_std=0.004,58,1570,0.98404,,,,0,0255_P_attnbase_s58,,-0.00084,-0.00084,head_init_std=0.004,
2026-09-25,B,desc:cd060_headstd0.002_s67,,head_std=0.002,67,1568,0.98470,,,,0,desc:cd060_B_s67,,,+0.00045,head_init_std=0.002,
2026-09-25,B,desc:cd060_headstd0.002_s58,,head_std=0.002,58,1584,0.98384,,,,0,0255_P_attnbase_s58,,,-0.00044,head_init_std=0.002,
2026-09-25,B,desc:cd060_headstd0.0005_s58,,head_std=0.0005,58,,,,,,0,,,,+0.00084,head_init_std=0.0005,
2026-09-25,B,desc:cd060_B_s67_repeat,,cd060,67,1579,0.98385,,,,0,desc:cd060_B_s67,0.98396,-0.00011,,FF_COOLDOWN_FRAC=0.60 FF_SEED=67,
2026-09-25,B,desc:cd060_B_s67,,cd060,67,1578,0.98396,,,,0,0255_P_attnbase_s58,0.98454,-0.00058,,FF_COOLDOWN_FRAC=0.60 FF_SEED=67,
2026-09-25,A,desc:cd060_A_s67,,cd060,67,1560,0.98454,,,,0,desc:cd060_A_s58_1560,0.98523,-0.00069,,FF_COOLDOWN_FRAC=0.60 FF_SEED=67,
2026-09-25,A,desc:cd060_A_s58_1560,,cd060,58,1560,0.98523,,,,0,,,,,FF_COOLDOWN_FRAC=0.60,
2026-09-25,A,desc:cd060_A_s58_1555,,cd060,58,1555,0.98546,,,,0,,,,,FF_COOLDOWN_FRAC=0.60,
2026-09-25,B,desc:attnalt_s58,,ATTN_LAYERS,58,1888,0.99092,,,,0,0255_P_attnbase_s58,0.98454,+0.0064,,"FF_ATTN_LAYERS=0,2,4,6,8 FF_COOLDOWN_FRAC=0.60",
2026-09-25,B,desc:attn5drop_s58,,ATTN_LAYERS,58,1987,0.99908,,,,0,0255_P_attnbase_s58,0.98454,+0.0145,,"FF_ATTN_LAYERS=0,1,7,8 FF_COOLDOWN_FRAC=0.60",
2026-09-25,B,desc:attn45_s58,,ATTN_LAYERS,58,1720,0.98846,,,,0,0255_P_attnbase_s58,0.98454,+0.0039,,"FF_ATTN_LAYERS=0,1,2,3,6,7,8 FF_COOLDOWN_FRAC=0.60",
2026-09-25,A,desc:attn345_s58,,ATTN_LAYERS,58,1768,0.98665,,,,0,0301_P_attnbase_s58,0.98568,+0.0010,,"FF_ATTN_LAYERS=0,1,2,6,7,8 FF_COOLDOWN_FRAC=0.60",
2026-09-25,A,desc:attn3456_s58,,ATTN_LAYERS,58,1850,0.99110,,,,0,0301_P_attnbase_s58,0.98568,+0.0054,,"FF_ATTN_LAYERS=0,1,2,7,8 FF_COOLDOWN_FRAC=0.60",
2026-09-25,A,desc:async_views_screen,,ASYNC_OPT+VIEWS,58,60,2.233694398100379,,,,1,,,,,FF_ASYNC_OPT=1 FF_SCALAR_CONSTS=2 FF_MUON_VIEWS=1,
2026-09-25,A,desc:async_views_emaoff_screen,,ASYNC_OPT+VIEWS+EMAoff,58,60,,,,,1,,,,,,
2026-09-25,A,desc:async_screen,,ASYNC_OPT,58,60,2.233694398100379,,,,1,,2.233694398100379,,,FF_ASYNC_OPT=1 FF_SCALAR_CONSTS=2,
2026-09-25,A,desc:async_emaoff_screen,,ASYNC_OPT+EMAoff,58,60,,,,,1,,,,,FF_ASYNC_OPT=1 FF_SCALAR_CONSTS=2 FF_EMA=0,
2026-09-25,A,desc:UNET_s58,,UNET,58,1533,0.99058,,,,0,desc:cd060_A_s58_1560,0.98523,+0.00535,,FF_UNET=1 FF_COOLDOWN_FRAC=0.60,
2026-09-25,A,desc:R6_mb8x3_screen,,R6,58,60,,,,,1,,,,,FF_MB=8 FF_ACCUM=3,
2026-09-25,A,desc:R6_mb12x2_screen,,R6,58,60,,,,,1,,,,,FF_MB=12 FF_ACCUM=2,
2026-09-25,A,desc:OPTFUSE_screen_base,,K45,58,60,2.233694398100379,,,,1,,,,,,
2026-09-25,A,desc:OPTFUSE_screen_L2,,OPT_FUSE=2,58,60,2.233694398100379,,,,1,desc:OPTFUSE_screen_base,2.233694398100379,0,,FF_OPT_FUSE=2,
2026-09-25,A,desc:OPTFUSE_screen_L1,,OPT_FUSE=1,58,60,2.233694398100379,,,,1,desc:OPTFUSE_screen_base,2.233694398100379,0,,FF_OPT_FUSE=1,
2026-09-25,A,desc:LATE_FETCH_screen,,LATE_FETCH,,60,,,,,1,,,,,FF_LATE_FETCH=1,
2026-09-25,A,desc:K45cfg_cd0.65_s58,,cd0.65,58,1648,0.98190,,,,0,1928_R_asyncViews_s58,0.98156,+0.00034,+0.0001,FF_COOLDOWN_FRAC=0.65,
2026-09-25,A,desc:K45cfg_OPT_FUSE3_s58,,OPT_FUSE=3,58,1719,0.97996,,,,0,2054_R_k45of2_s58,0.97955,+0.0004,,FF_OPT_FUSE=3,
2026-09-25,A,desc:HOST_TIMES_screen_s58,,K44,58,60,,,,,1,,,,,FF_HOST_TIMES=1,
2026-09-25,A,desc:CONCAT_screen_on,,CONCAT,58,60,2.23429,,,,1,desc:CONCAT_screen_base,2.23369,,,TORCH_NEURONX_ENABLE_CONCATENATION=1,
2026-09-25,A,desc:CONCAT_screen_base,,K46,58,60,2.23369,,,,1,,,,,,
2026-09-25,A,desc:COMPILE_OPT_retest_screen,,COMPILE_OPT,58,60,2.23627,,,,1,,,,,FF_COMPILE_OPT=1,
2026-09-25,B,desc:ASYNC_LOOP_base_B,,cd060,58,120,1.6625552536385748,,,,1,,,,,,
2026-09-25,A,desc:ASYNC_LOOP_base_A,,cd060,58,120,1.6625552536385748,,,,1,,,,,,
2026-09-25,B,desc:ASYNC_LOOP_K8_B,,ASYNC_LOOP=8,58,120,1.6625552536385748,,,,1,desc:ASYNC_LOOP_base_B,1.6625552536385748,0,,FF_ASYNC_LOOP=8,
2026-09-25,A,desc:ASYNC_LOOP_K8_A,,ASYNC_LOOP=8,58,120,1.6625552536385748,,,,1,desc:ASYNC_LOOP_base_A,1.6625552536385748,0,,FF_ASYNC_LOOP=8,
2026-09-25,A,desc:ASYNC_LOOP_K32_A,,ASYNC_LOOP=32,58,120,1.6625552536385748,,,,1,desc:ASYNC_LOOP_base_A,1.6625552536385748,0,,FF_ASYNC_LOOP=32,
2026-09-25,B,C23_cold_K46,,K46,67,1753,0.97725,,,K46,0,C22_cold_K45,0.97941,-0.00216,,FF_OPT_FUSE=2,
2026-09-25,B,C22_cold_K45,,K45,67,1692,0.97941,,,K45,0,C21_cold_K44,0.98235,-0.00294,,FF_SCALAR_CONSTS=2 FF_ASYNC_OPT=1 FF_MUON_VIEWS=1,
2026-09-25,B,2055_R_k45of2_s67,,K46,67,1718,0.97843,,,,0,0030a_R_async_s67,0.98091,-0.0025,,FF_OPT_FUSE=2,
2026-09-25,A,2054_R_k45of2_s58,,K46,58,1710,0.97955,,,,0,1928_R_asyncViews_s58,0.98156,-0.0020,,FF_OPT_FUSE=2,
2026-09-25,A,1928_R_asyncViews_s58,,K45,58,1653,0.98156,,,,0,desc:cd060 A s58 (~0.9848),0.9848,-0.0032,,FF_ASYNC_OPT=1 FF_SCALAR_CONSTS=2 FF_MUON_VIEWS=1,
2026-09-25,A,0737_R_lnc2x4_s58,,LNC2x4,58,956,1.02276,,,,0,desc:cd060_A_s58_1560,0.98523,+0.0375,,FF_LNC=2 FF_NPROC=4 FF_COOLDOWN_FRAC=0.60,
2026-09-25,A,0517_T_time130_s58,,time130,58,2039,0.96979,,,,0,desc:cd060_A_s58_1555,0.98546,-0.01567,,FF_TIME_TARGET=2288,
2026-09-25,A,0301_P_attnbase_s58,,cd060,58,1551,0.98568,,,,0,,,,,FF_COOLDOWN_FRAC=0.60,
2026-09-25,B,0255_P_attnbase_s58,,cd060,58,1578,0.98454,,,,0,,,,,FF_COOLDOWN_FRAC=0.60,
2026-09-25,A,0222_T_time115_s58,,time115,58,1789,0.97695,,,,0,0150_R_zloss1e4_s58,0.98673,-0.0098,,FF_TIME_TARGET=2024,
2026-09-25,B,0216_T_time115_s67,,time115,67,1814,0.97535,,,,0,0144_R_posw05_s58,0.98525,-0.0099,,FF_TIME_TARGET=2024,
2026-09-25,A,0150_R_zloss1e4_s58,,zloss=1e-4,58,1544,0.98673,,,,0,desc:D-mean cd0.45 A,0.98626,,+0.00075,z_loss=1e-4 FF_COOLDOWN_FRAC=0.60,
2026-09-25,B,0144_R_posw05_s58,,POS_WEIGHT=0.5,58,1568,0.98525,,,,0,0255_P_attnbase_s58,0.98454,,+0.00028,FF_POS_WEIGHT=0.5 FF_COOLDOWN_FRAC=0.60,
2026-09-25,B,0031a_R_k45_s67,,K45,67,1669,0.98018,,,,0,0030a_R_async_s67,0.98091,,,FF_ASYNC_OPT=1 FF_SCALAR_CONSTS=2 FF_MUON_VIEWS=1,
2026-09-25,B,0030a_R_async_s67,,K45-async,67,1650,0.98091,,,,0,desc:cd060_B_s67,0.9840,-0.0031,,FF_ASYNC_OPT=1 FF_SCALAR_CONSTS=2,
2026-09-25,,0003_D_s182,,base.env cd0.45,182,,,,,,0,,,,,FF_SEED=182 FF_COOLDOWN_FRAC=0.45,
2026-09-24,,desc:shape_d9x768,,shape,58,2003,0.99605,,,,0,,,,,FF_DEPTH=9 FF_WIDTH=768,
2026-09-24,,desc:shape_d9x1024_current,,shape,58,1571,0.98480,,,,0,,,,,,
2026-09-24,,desc:shape_d7x768,,shape,58,,0.98790,,,,0,,,,,FF_DEPTH=7 FF_WIDTH=768,
2026-09-24,,desc:shape_d7x1024,,shape,58,1889,0.98867,,,,0,,,,,FF_DEPTH=7 FF_WIDTH=1024,
2026-09-24,,desc:shape_d6x1280,,shape,58,1600,0.98848,,,,0,,,,,FF_DEPTH=6 FF_WIDTH=1280,
2026-09-24,,desc:seed_s133,,base cd0.45,133,,,,,,0,,,,,FF_SEED=133,
2026-09-24,,desc:seed_s132,,base cd0.45,132,,,,,,0,,,,,FF_SEED=132,
2026-09-24,,desc:seed_s118,,base cd0.45,118,,,,,,0,,,,,FF_SEED=118,
2026-09-24,,desc:seed_s117,,base cd0.45,117,,,,,,0,,,,,FF_SEED=117,
2026-09-24,,desc:cd060_vs_cd045_s73,,cd060,73,,,,,,0,,,,-0.00062,FF_COOLDOWN_FRAC=0.60,
2026-09-24,,desc:cd060_vs_cd045_s71,,cd060,71,,,,,,0,,,,-0.00054,FF_COOLDOWN_FRAC=0.60,
2026-09-24,,desc:cd060_vs_cd045_s67,,cd060,67,,,,,,0,,,,-0.00078,FF_COOLDOWN_FRAC=0.60,
2026-09-24,,desc:cd060_vs_cd045_s62,,cd060,62,,,,,,0,,,,-0.00046,FF_COOLDOWN_FRAC=0.60,
2026-09-24,,desc:cd060_vs_cd045_s58,,cd060,58,,,,,,0,,,,-0.00069,FF_COOLDOWN_FRAC=0.60,
2026-09-24,,desc:cd060_vs_cd045_s131,,cd060,131,,,,,,0,,,,-0.00066,FF_COOLDOWN_FRAC=0.60,
2026-09-24,,desc:cd060_s67_norm,,cd060,67,,,,,,0,,,,,FF_COOLDOWN_FRAC=0.60 FF_SEED=67,
2026-09-24,,desc:cd060_s132,,cd060,132,,,,,,0,,0.98405,,-0.00021,FF_COOLDOWN_FRAC=0.60 FF_SEED=132,
2026-09-24,,desc:cd060_WD=0.10_s58,,WD=0.10,58,,,,,,0,,0.98484,,+0.00289,FF_COOLDOWN_FRAC=0.60 FF_WD=0.10,
2026-09-24,,desc:cd060_WD=0.05_s58,,WD=0.05,58,,,,,,0,,0.98484,,+0.00008,FF_COOLDOWN_FRAC=0.60 FF_WD=0.05,
2026-09-24,,desc:cd060_MLR2.4_s58,,MLR=2.4,58,,,,,,0,,0.98484,,+0.00110,FF_COOLDOWN_FRAC=0.60 FF_MATRIX_LR_SCALE=2.4,
2026-09-24,,desc:cd060_MLR1.4_s58,,MLR=1.4,58,,,,,,0,,0.98484,,+0.00048,FF_COOLDOWN_FRAC=0.60 FF_MATRIX_LR_SCALE=1.4,
2026-09-24,,desc:cd060_LRfloor0,,LR_FLOOR=0,,,,,,,0,,,,-0.00002,FF_COOLDOWN_FLOOR=0,
2026-09-24,,desc:cd060_AdamWcooldownsplit0.5,,ADAMW_CD_SPLIT=0.5,,,,,,,0,,,,+0.00440,adamw_cooldown_split=0.5,
2026-09-24,,desc:cd060_AdamW_LR=1.7_s58,,ADAMW_LR=1.7,58,,,,,,0,,0.98484,,+0.00212,FF_COOLDOWN_FRAC=0.60 FF_ADAMW_LR_SCALE=1.7,
2026-09-24,,desc:cd060_AdamW_LR=1.0_s58,,ADAMW_LR=1.0,58,,,,,,0,,0.98484,,-0.00001,FF_COOLDOWN_FRAC=0.60 FF_ADAMW_LR_SCALE=1.0,
2026-09-24,B,C21_cold_K44,,K44,67,1615,0.98235,,,K44,0,C20_cold_K43,0.98321,-0.00086,,FF_COOLDOWN_FRAC=0.60,
2026-09-23,B,desc:warmup10_s58,,warmup10,58,,0.98921,,,,0,desc:B_ctrl_s58_0952,0.984952,+0.0043,,warmup=10,
2026-09-23,A,desc:softcap20_s58,,softcap20,58,,,,,,0,,,+0.0011,,softcap=20,
2026-09-23,A,desc:softcap12_s58,,softcap12,58,,,,,,0,,,+0.0003,,softcap=12,
2026-09-23,,desc:seedscan_s81,,base,81,,,,,,0,,,,,FF_SEED=81,
2026-09-23,B,desc:seedscan_B_s67_rerun,,base,67,,0.98484,,,,0,,,,,FF_SEED=67,
2026-09-23,B,desc:seedscan_B_s67,,base,67,,0.98455,,,,0,,,,,FF_SEED=67,
2026-09-23,A,desc:screen_llm-training,,cc_flag,58,120,,,,,1,,,,,NEURON_CC_FLAGS=--distribution-strategy=llm-training,
2026-09-23,A,desc:screen_enable-dge,,cc_flag,58,120,,,,,1,,,,,NEURON_CC_FLAGS=--enable-dge,
2026-09-23,B,desc:scalarLR0.10_s67,,SCALAR_LR=0.10,67,,,,,,0,,,,,FF_SCALAR_LR=0.10,
2026-09-23,A,desc:scalarLR0.05_s58,,SCALAR_LR=0.05,58,,,,,,0,,,+0.0012,,FF_SCALAR_LR=0.05,
2026-09-23,B,desc:rope10k_s67,,ROPE_BASE=10000,67,,,,,,0,,,+0.0019,,FF_ROPE_BASE=10000,
2026-09-23,A,desc:rope10k_s58,,ROPE_BASE=10000,58,,,,,,0,,,-0.0002,,FF_ROPE_BASE=10000,
2026-09-23,B,desc:rope1024_s67,,ROPE_BASE=1024,67,,0.98874,,,,0,,,,,FF_ROPE_BASE=1024,
2026-09-23,A,desc:rope1024_s58,,ROPE_BASE=1024,58,,0.98902,,,,0,1325_C_s58,0.986328,+0.0027,,FF_ROPE_BASE=1024,
2026-09-23,B,desc:qk1.20_s58,,QK1.20,58,,,,,,0,,0.98553,,+0.00018,FF_QK_GAIN=1.20,
2026-09-23,B,desc:qk1.00_s58,,QK1.00,58,,,,,,0,,0.98553,,-0.00001,FF_QK_GAIN=1.00,
2026-09-23,A,desc:mlr24_s58,,MLR=2.4,58,,,,,,0,,0.98553,,+0.00114,FF_MATRIX_LR_SCALE=2.4,
2026-09-23,A,desc:docmask_screen,,DOC_MASK,58,120,1.62795,,,,1,,1.6626,,,FF_DOC_MASK=1,
2026-09-23,B,desc:docmask_B_s58,,DOC_MASK,58,,0.986660,,,,0,desc:B_ctrl_s58_0952,0.984952,+0.00171,-0.0011,FF_DOC_MASK=1,
2026-09-23,A,desc:docmask_A_s67,,DOC_MASK,67,,0.988097,,,,0,desc:A_ctrl_s67,0.985271,+0.00283,,FF_DOC_MASK=1,
2026-09-23,A,desc:docmask_A_s58,,DOC_MASK,58,,0.986914,,,,0,1325_C_s58,0.986328,+0.00059,-0.0011,FF_DOC_MASK=1,
2026-09-23,A,desc:d8xw1280_screen,,shape,58,120,1.64476,,,,1,,1.6626,,,FF_DEPTH=8 FF_ASPECT_RATIO=160,
2026-09-23,A,desc:d8xw1280_s58,,shape,58,1281,0.989534,,,,0,1325_C_s58,0.986328,+0.00321,-0.0083,FF_DEPTH=8 FF_ASPECT_RATIO=160,
2026-09-23,A,desc:d7xw1280_screen,,shape,58,120,1.65916,,,,1,,1.6626,,,FF_DEPTH=7 FF_ASPECT_RATIO=182,
2026-09-23,A,desc:bf16params_screen,,BF16_PARAMS,58,120,,,,,1,,,,,FF_BF16_PARAMS=1,
2026-09-23,A,desc:adamw1cd050_s67,,ADAMW1.0+cd0.50,67,,,,,,0,,0.98483,,+0.00008,FF_ADAMW_LR_SCALE=1.0 FF_COOLDOWN_FRAC=0.50,
2026-09-23,B,desc:VE_LR0.5_s67,,VE_LR_SCALE=0.5,67,,,,,,0,,,,,FF_VE_LR_SCALE=0.5,
2026-09-23,A,desc:VE_LR0.25_s58,,VE_LR_SCALE=0.25,58,,,,,,0,,,+0.0009,,FF_VE_LR_SCALE=0.25,
2026-09-23,,desc:VALUE_RESIDUAL_s58,,VALUE_RESIDUAL,58,,,,,,0,,0.98553,,+0.0069,FF_VALUE_RESIDUAL=1,
2026-09-23,A,desc:NS_STEPS4_s58,,NS_STEPS=4,58,1571,0.98758,,,,0,0622_C_ctrl_s58,0.98560,+0.0020,,FF_NS_STEPS=4,
2026-09-23,B,desc:LRstack_s73,,LRstack,73,,,,,,0,,0.98554,,-0.00079,FF_MATRIX_LR_SCALE=1.6 FF_ADAMW_LR_SCALE=1.0 FF_COOLDOWN_FRAC=0.50,
2026-09-23,B,desc:LRstack_s71,,LRstack,71,,,,,,0,,0.98557,,-0.00017,FF_MATRIX_LR_SCALE=1.6 FF_ADAMW_LR_SCALE=1.0 FF_COOLDOWN_FRAC=0.50,
2026-09-23,A,desc:LRstack_s67,,LRstack,67,,,,,,0,,0.98483,,+0.00035,FF_MATRIX_LR_SCALE=1.6 FF_ADAMW_LR_SCALE=1.0 FF_COOLDOWN_FRAC=0.50,
2026-09-23,A,desc:LRstack_s63,,LRstack,63,,,,,,0,,0.98772,,-0.00011,FF_MATRIX_LR_SCALE=1.6 FF_ADAMW_LR_SCALE=1.0 FF_COOLDOWN_FRAC=0.50,
2026-09-23,A,desc:LRstack_s62,,LRstack,62,,,,,,0,,0.98712,,-0.00020,FF_MATRIX_LR_SCALE=1.6 FF_ADAMW_LR_SCALE=1.0 FF_COOLDOWN_FRAC=0.50,
2026-09-23,B,desc:LRstack_s58,,LRstack,58,,,,,,0,,0.98553,,-0.00052,FF_MATRIX_LR_SCALE=1.6 FF_ADAMW_LR_SCALE=1.0 FF_COOLDOWN_FRAC=0.50,
2026-09-23,B,desc:B_ctrl_s58_fresh,,base,58,1584,0.984947,,,,0,,,,,,
2026-09-23,B,desc:AdamW1.0+cd0.50 B s58 (reproduction of 1429),,ADAMW1.0+cd0.50,58,,,,,,0,,0.98553,,-0.00045,FF_ADAMW_LR_SCALE=1.0 FF_COOLDOWN_FRAC=0.50,
2026-09-23,B,C20_cold_K43,,K43,67,1610,0.98321,,,K43,0,,,,,FF_SEED=67 FF_TIME_TARGET=1788 FF_EMA_EVERY=8,
2026-09-23,A,4178b_P_ns4,,NS_STEPS=4,58,120,1.6738,,,,1,,,,,FF_NS_STEPS=4,
2026-09-23,A,4178_P_ns3,,NS_STEPS=3,58,120,1.6913,,,,1,,,,,FF_NS_STEPS=3,
2026-09-23,A,4177a_R_hd128_s58,,HEAD_DIM=128,58,,1.01826,,,,0,0622_C_ctrl_s58,0.98560,+0.033,,FF_HEAD_DIM=128,
2026-09-23,A,4174c_M_copt_s58,,COMPILE_OPT,58,1423,0.99222,,,,0,0622_C_ctrl_s58,0.98560,+0.0066,+0.0004,FF_COMPILE_OPT=1,
2026-09-23,A,1906_P_cc_fp8,,FP8,58,120,1.79943,,,,1,,1.66256,,,NEURON_CC_FLAGS=--auto-cast=matmult --auto-cast-type=fp8_e4m3,
2026-09-23,A,1301_P_copt,,COMPILE_OPT,58,120,,,,,1,1256_P_base3,,,,FF_COMPILE_OPT=1,
2026-09-23,A,1256_P_base3,,base,58,120,,,,,1,,,,,,
2026-09-23,A,0835_P_baseline,,base,58,120,,,,,1,,,,,,
2026-09-23,A,0657_R_mlr16_s58,,MLR=1.6,58,,,,,,0,,0.98553,,-0.00020,FF_MATRIX_LR_SCALE=1.6,
2026-09-23,A,0622_C_ctrl_s58,,base,58,1568,0.985604,,,,0,,,,,,
2026-09-23,B,0556_M_backout_s58,,BACKOUT,58,,0.987151,,,,0,desc:B_ctrl_s58_0952,0.984952,+0.00220,+0.0021,FF_BACKOUT=1,
2026-09-23,A,0547_M_backout_s58,,BACKOUT,58,,0.988355,,,,0,1325_C_s58,0.986328,+0.00203,+0.0021,FF_BACKOUT=1,
2026-09-22,B,desc:w1024cd045_B_s58,,w1024 cd0.45,58,,0.99422,,,,0,desc:w1024_B_s58,0.99609,-0.0019,,FF_ASPECT_RATIO=85 FF_COOLDOWN_FRAC=0.45,
2026-09-22,A,desc:w1024cd045_A_s55,,w1024 cd0.45,55,,0.99413,,,,0,desc:w1024_A_s55,0.99566,-0.0015,,FF_ASPECT_RATIO=85 FF_COOLDOWN_FRAC=0.45,
2026-09-22,B,desc:w1024_B_s59,,w1024,59,,0.99502,,,,0,desc:h256full_B_s59,0.99598,-0.0010,,FF_ASPECT_RATIO=85,
2026-09-22,B,desc:w1024_B_s58,,w1024,58,,0.99609,,,,0,desc:h256full_B_s58,0.99556,+0.0005,,FF_ASPECT_RATIO=85,
2026-09-22,A,desc:w1024_A_s58,,w1024,58,1182,0.99727,,,,0,desc:h256full_A_s58,0.99839,-0.0011,,FF_ASPECT_RATIO=85 FF_HEAD_DIM=256,
2026-09-22,A,desc:w1024_A_s56,,w1024,56,,0.99829,,,,0,desc:h256full_A_s56,1.00125,-0.0030,,FF_ASPECT_RATIO=85,
2026-09-22,A,desc:w1024_A_s55,,w1024,55,,0.99566,,,,0,desc:h256full_A_s55,0.99971,-0.0041,,FF_ASPECT_RATIO=85,
2026-09-22,B,desc:sqrtcd0.60_B_s58,,COOLDOWN_SHAPE=sqrt,58,,0.98675,,,,0,desc:B_ctrl_s58_0952,0.98495,+0.0018,,FF_COOLDOWN_SHAPE=sqrt FF_COOLDOWN_FRAC=0.60,
2026-09-22,A,desc:sqrtcd0.60_A_s58,,COOLDOWN_SHAPE=sqrt,58,,0.98795,,,,0,1325_C_s58,0.98633,+0.00162,,FF_COOLDOWN_SHAPE=sqrt FF_COOLDOWN_FRAC=0.60,
2026-09-22,B,desc:sqrtcd0.45_B_s58,,COOLDOWN_SHAPE=sqrt,58,,0.98564,,,,0,desc:B_ctrl_s58_0952,0.98495,+0.00069,,FF_COOLDOWN_SHAPE=sqrt FF_COOLDOWN_FRAC=0.45,
2026-09-22,A,desc:sqrtcd0.45_A_s58,,COOLDOWN_SHAPE=sqrt,58,,0.98723,,,,0,1325_C_s58,0.98633,+0.0009,,FF_COOLDOWN_SHAPE=sqrt FF_COOLDOWN_FRAC=0.45,
2026-09-22,A,desc:d9shard_b327_A_s58,,BATCH=327k,58,,0.98601,,,,0,1325_C_s58,0.98633,-0.0003,,FF_BATCH=327680,
2026-09-22,B,desc:d9shard_B_s59,,base,59,,0.98714,,,,0,,,,,FF_SEED=59,
2026-09-22,B,desc:d9shard_B_s58,,d9shard,58,,0.98495,,,,0,desc:d9_B_s58,0.98812,-0.0032,,FF_MUON_SHARD=1,
2026-09-22,A,desc:d9shard_A_s58,,d9shard,58,,0.98633,,,,0,,,,,FF_MUON_SHARD=1,
2026-09-22,B,desc:d9_warmup40_B_s58,,warmup40,58,,0.99188,,,,0,desc:d9_B_s58,0.98812,+0.0038,,warmup=40,
2026-09-22,A,desc:d9_kv2_A_s58,,KV_HEADS=2,58,,0.99269,,,,0,,,,,FF_KV_HEADS=2,
2026-09-22,A,desc:d9_hd512_A_s58,,HEAD_DIM=512,58,,0.99582,,,,0,,,,,FF_HEAD_DIM=512,
2026-09-22,B,desc:d9_cd0.50_B_s58,,cd0.50,58,,0.98762,,,,0,desc:d9_B_s58,0.98812,-0.0005,,FF_COOLDOWN_FRAC=0.50,
2026-09-22,A,desc:d9_cd0.40_A_s58,,cd0.40,58,,0.99025,,,,0,,,,,FF_COOLDOWN_FRAC=0.40,
2026-09-22,B,desc:d9_batch327k_B_s58,,BATCH=327k,58,,0.98709,,,,0,desc:d9_B_s58,0.98812,-0.0010,,FF_BATCH=327680,
2026-09-22,B,desc:d9_batch196k_B_s58,,BATCH=196k,58,,0.98997,,,,0,desc:d9_B_s58,0.98812,+0.0019,,FF_BATCH=196608,
2026-09-22,B,desc:d9_WD0_B_s58,,WD=0,58,,0.98874,,,,0,desc:d9_B_s58,0.98812,+0.0006,,FF_WD=0,
2026-09-22,B,desc:d9_WD0.05_B_s58,,WD=0.05,58,,0.98839,,,,0,desc:d9_B_s58,0.98812,+0.0003,,FF_WD=0.05,
2026-09-22,A,desc:d9_VEx2_A_s58,,VALUE_EMBED=2,58,,0.98935,,,,0,,,,,FF_VALUE_EMBED=2,
2026-09-22,B,desc:d9_QK1.8_B_s58,,QK1.8,58,,0.98785,,,,0,desc:d9_B_s58,0.98812,-0.0003,,FF_QK_GAIN=1.8,
2026-09-22,A,desc:d9_QK1.2_A_s58,,QK1.2,58,,0.98895,,,,0,,,,,FF_QK_GAIN=1.2,
2026-09-22,B,desc:d9_B_s59,,d9 cd0.45,59,,0.98946,,,,0,,,,,FF_DEPTH=9 FF_SEED=59,
2026-09-22,B,desc:d9_B_s58,,d9 cd0.45,58,1510,0.98812,,,,0,,,,,FF_DEPTH=9 FF_ASPECT_RATIO=113 FF_COOLDOWN_FRAC=0.45,
2026-09-22,B,desc:d9_B_s52,,d9 cd0.45,52,,0.98885,,,,0,,,,,FF_SEED=52,
2026-09-22,A,desc:d9_AdamW2.0_A_s58,,ADAMW_LR=2.0,58,,0.99543,,,,0,,,,,FF_ADAMW_LR_SCALE=2.0,
2026-09-22,B,desc:d9_AdamW1.0_B_s58,,ADAMW_LR=1.0,58,,0.98757,,,,0,desc:d9_B_s58,0.98812,-0.0006,,FF_ADAMW_LR_SCALE=1.0,
2026-09-22,A,desc:d9_A_s56,,d9 cd0.45,56,,0.99135,,,,0,,,,,FF_SEED=56,
2026-09-22,A,desc:d9_A_s53,,d9 cd0.45,53,,0.99018,,,,0,,,,,FF_SEED=53,
2026-09-22,B,desc:d8_B_s58,,d8 cd0.45,58,1666,0.98908,,,,0,desc:d9_B_s58,0.98812,+0.0010,,FF_DEPTH=8 FF_ASPECT_RATIO=128 FF_COOLDOWN_FRAC=0.45,
2026-09-22,B,desc:d11w1024cd035_B_s59,,d11 w1024,59,1288,0.99449,,,,0,desc:w1024_B_s59,0.99502,-0.0005,,FF_DEPTH=11 FF_ASPECT_RATIO=93,
2026-09-22,A,desc:d11w1024cd035_A_s58,,d11 w1024,58,1278,0.99450,,,,0,desc:w1024_A_s58,0.99727,-0.0028,,FF_DEPTH=11 FF_ASPECT_RATIO=93,
2026-09-22,B,desc:d11cd045_B_s59,,d11 cd0.45,59,1291,0.99293,,,,0,,,,,FF_DEPTH=11 FF_COOLDOWN_FRAC=0.45,
2026-09-22,B,desc:d11cd045_B_s58,,d11 cd0.45,58,1288,0.99243,,,,0,,,,,FF_DEPTH=11 FF_COOLDOWN_FRAC=0.45,
2026-09-22,A,desc:d11cd045_A_s58,,d11 cd0.45,58,1278,0.99308,,,,0,,,,,FF_DEPTH=11 FF_ASPECT_RATIO=93 FF_COOLDOWN_FRAC=0.45,
2026-09-22,B,desc:d10cd045_B_s59,,d10 cd0.45,59,,0.99325,,,,0,desc:d11cd045_B_s59,0.99293,+0.0003,,FF_DEPTH=10 FF_COOLDOWN_FRAC=0.45,
2026-09-22,A,desc:d10cd045_A_s58,,d10 cd0.45,58,1378,0.99037,,,,0,,,,,FF_DEPTH=10 FF_ASPECT_RATIO=102 FF_COOLDOWN_FRAC=0.45,
2026-09-22,A,desc:d10cd045_A_s55,,d10 cd0.45,55,,0.99059,,,,0,desc:w1024cd045_A_s55,0.99413,-0.0035,,FF_DEPTH=10 FF_COOLDOWN_FRAC=0.45,
2026-09-22,B,desc:combo_B_s59,,combo,59,,0.98612,,,,0,desc:d9shard_B_s59,0.98714,-0.0010,,FF_BATCH=327680 FF_ADAMW_LR_SCALE=1.0 FF_COOLDOWN_FRAC=0.50 FF_QK_GAIN=1.8,
2026-09-22,B,desc:combo_B_s58,,combo,58,,0.98622,,,,0,desc:B_ctrl_s58_0952,0.98495,+0.0013,,FF_BATCH=327680 FF_ADAMW_LR_SCALE=1.0 FF_COOLDOWN_FRAC=0.50 FF_QK_GAIN=1.8,
2026-09-22,B,desc:cd050_B_s58,,cd0.50,58,,0.99463,,,,0,desc:cd045_B_s58,0.99475,-0.0001,,FF_COOLDOWN_FRAC=0.50,
2026-09-22,A,desc:cd050_A_s58,,cd0.50,58,,0.99535,,,,0,desc:cd045_A_s58,0.99564,-0.0003,,FF_COOLDOWN_FRAC=0.50,
2026-09-22,B,desc:MLPx5_B_s58,,MLP_MULT=5,58,,0.98686,,,,0,desc:B_ctrl_s58_0952,0.98495,+0.00191,,FF_MLP_MULT=5,
2026-09-22,A,desc:MLPx5_A_s58,,MLP_MULT=5,58,,0.98788,,,,0,1325_C_s58,0.98633,+0.00155,,FF_MLP_MULT=5,
2026-09-22,B,desc:MLPx3_B_s58,,MLP_MULT=3,58,,0.98710,,,,0,desc:B_ctrl_s58_0952,0.98495,+0.0022,,FF_MLP_MULT=3,
2026-09-22,A,desc:MLPx3_A_s58,,MLP_MULT=3,58,,0.98798,,,,0,1325_C_s58,0.98633,+0.00165,,FF_MLP_MULT=3,
2026-09-22,A,desc:LNC2_mb8_screen,,lnc2,,120,,,,,1,,,,,FF_LNC=2 FF_NPROC=4 FF_MB=8,
2026-09-22,B,desc:B_ctrl_s58_0952,,base,58,,0.984952,,,,0,,,,,,
2026-09-22,A,desc:A_ctrl_s67,,base,67,,0.985271,,,,0,,,,,,
2026-09-22,A,C19_cold_K42,,K42,58,1569,0.98559,,,K42,0,C18_cold_K41,0.98827,,,FF_MUON_SHARD=1 FF_TIME_TARGET=1780,
2026-09-22,A,C18_cold_K41,,K41,58,1507,0.98827,,,K41,0,C17_cold_K40,0.98954,,,FF_DEPTH=9 FF_ASPECT_RATIO=113 FF_COOLDOWN_FRAC=0.45 FF_TIME_TARGET=1780,
2026-09-22,A,C17_cold_K40,,K40,58,1393,0.98954,,,K40,0,,,,,FF_DEPTH=10 FF_ASPECT_RATIO=102 FF_COOLDOWN_FRAC=0.45 FF_TIME_TARGET=1780,
2026-09-22,A,1500_Q_combo_s58,,combo,58,,0.98659,,,,0,1325_C_s58,0.98633,+0.0003,,FF_BATCH=327680 FF_ADAMW_LR_SCALE=1.0 FF_COOLDOWN_FRAC=0.50 FF_QK_GAIN=1.8,
2026-09-22,B,1429_Q_adamw1cd050_s58,,ADAMW1.0+cd0.50,58,,0.98508,,,,0,desc:B_ctrl_s58_0952,0.98495,+0.0001,-0.00049,FF_ADAMW_LR_SCALE=1.0 FF_COOLDOWN_FRAC=0.50,
2026-09-22,A,1428_Q_b393_s58,,BATCH=393k,58,1108,0.98741,,,,0,1325_C_s58,0.98633,+0.0011,,FF_BATCH=393216,
2026-09-22,A,1325_C_s58,,base,58,1551,0.986328,,,,0,,,,,,
2026-09-22,A,0556_P_prof_d9_shard,,MUON_SHARD,58,120,1.6625552536385748,,,,1,0519_P_prof_d9,1.6625552536385748,0,,FF_MUON_SHARD=1,
2026-09-22,A,0519_P_prof_d9,,d9 profile,58,120,1.6625552536385748,,,,1,,,,,,
2026-09-22,A,0329_X_d9w1024cd045_s55,,d9 cd0.45,55,,0.98925,,,,0,,,,,FF_DEPTH=9 FF_ASPECT_RATIO=113 FF_COOLDOWN_FRAC=0.45 FF_SEED=55,
2026-09-22,A,0204_X_d11w1280,,d11w1280,58,,,,,,0,,,,,FF_DEPTH=11 FF_ASPECT_RATIO=116,
2026-09-21,A,desc:warmup40_A_s53,,warmup40,53,,1.02235,,,,0,desc:KVSDPA_s53,1.02003,+0.0023,,warmup=40,
2026-09-21,A,desc:muon2.5_A_s58,,MUON_LR=2.5,58,,0.99810,,,,0,desc:h256full_A_s58,0.99839,-0.0003,,FF_MATRIX_LR_SCALE=2.5,
2026-09-21,B,desc:muon1.6_B_s58,,MUON_LR=1.6,58,,0.99519,,,,0,desc:h256full_B_s58,0.99556,-0.0004,,FF_MATRIX_LR_SCALE=1.6,
2026-09-21,B,desc:hd128_muon1.6_B,,MUON_LR=1.6,53,,1.01995,,,,0,,,,,FF_MATRIX_LR_SCALE=1.6,
2026-09-21,B,desc:h256full_B_s59,,K39-recipe,59,,0.99598,,,,0,,,,,FF_SEED=59,
2026-09-21,B,desc:h256full_B_s58,,K39-recipe,58,1599,0.99556,,,,0,,,,,,
2026-09-21,A,desc:h256full_A_s58,,K39-recipe,58,1527,0.99839,,,,0,,,,,,
2026-09-21,A,desc:h256full_A_s56,,K39-recipe,56,,1.00125,,,,0,,,,,FF_SEED=56,
2026-09-21,A,desc:h256full_A_s55,,K39-recipe,55,,0.99971,,,,0,,,,,FF_SEED=55,
2026-09-21,A,desc:h256SS_A_s51,,h256+SS,51,,0.99899,,,,0,,,,,FF_SEED=51,
2026-09-21,B,desc:ema8_B_s58,,EMA_EVERY=8,58,,0.99550,,,,0,desc:h256full_B_s58,0.99556,-0.0001,,FF_EMA_EVERY=8,
2026-09-21,B,desc:d14w768_B_s58,,d14,58,1403,1.00166,,,,0,desc:h256full_B_s58,0.99556,+0.0061,,FF_DEPTH=14 FF_ASPECT_RATIO=54,
2026-09-21,A,desc:d13w768_A_s58,,d13,58,1451,1.00123,,,,0,desc:h256full_A_s58,0.99839,+0.0028,,FF_DEPTH=13 FF_ASPECT_RATIO=59,
2026-09-21,B,desc:cd045_B_s58,,cd0.45,58,,0.99475,,,,0,desc:h256full_B_s58,0.99556,-0.0008,,FF_COOLDOWN_FRAC=0.45,
2026-09-21,A,desc:cd045_A_s58,,cd0.45,58,,0.99564,,,,0,desc:h256full_A_s58,0.99839,-0.0028,,FF_COOLDOWN_FRAC=0.45,
2026-09-21,B,desc:cd040_B_s59,,cd0.40,59,,0.99535,,,,0,desc:h256full_B_s59,0.99598,-0.0006,,FF_COOLDOWN_FRAC=0.40,
2026-09-21,B,desc:cd040_B_s58,,cd0.40,58,1595,0.99485,,,,0,desc:h256full_B_s58,0.99556,-0.0007,,FF_COOLDOWN_FRAC=0.40,
2026-09-21,A,desc:cd040_A_s55,,cd0.40,55,,0.99825,,,,0,desc:h256full_A_s55,0.99971,-0.0015,,FF_COOLDOWN_FRAC=0.40,
2026-09-21,A,desc:cd030_A_s53,,cd0.30,53,,1.02124,,,,0,desc:KVSDPA_s53,1.02003,+0.0012,,FF_COOLDOWN_FRAC=0.30,
2026-09-21,A,desc:K36cfg_s58,,K36,58,,1.02231,,,,0,,,,,FF_SEED=58,
2026-09-21,A,desc:K36cfg_s50,,K36,50,,1.02137,,,,0,,,,,FF_SEED=50,
2026-09-21,B,desc:H256_B_s50,,h256,50,1408,1.00715,,,,0,desc:K36cfg_s50,1.02137,-0.014,,FF_HEAD_DIM=256,
2026-09-21,A,desc:4034b_h768_screen,,h768,,120,1.6821,,,,1,,,,,FF_HEAD_DIM=768,
2026-09-21,B,desc:2microstep_probe_h256,,h256,53,120,,,,,1,,,,,FF_BATCH=131072,
2026-09-21,B,C16_cold_K39,,K39,52,1599,0.99566,,,K39,0,,,,,FF_HEAD_DIM=256 FF_SCALAR_STACK=1 FF_FUSED_CE=8 FF_TIME_TARGET=1780 FF_SEED=52,
2026-09-21,A,C15_cold_K37,,K37,53,1153,1.01947,,,K37,0,,,,,FF_TIME_TARGET=1780,
2026-09-21,A,C14_cold_K36,,K36,53,,1.02058,,,K36,0,,,,,FF_KV_SDPA=1,
2026-09-21,B,5214_SS_s52,,h256+SS,52,,0.99763,,,,0,,,,,FF_SCALAR_STACK=1 FF_SEED=52,
2026-09-21,B,5213_SS_s50,,h256+SS,50,,1.00044,,,,0,desc:H256_B_s50,1.00715,-0.0067,,FF_SCALAR_STACK=1,
2026-09-21,B,5212_SS_s53,,h256+SS,53,,0.99924,,,,0,5211_H256_s53,1.00540,-0.0062,,FF_SCALAR_STACK=1,
2026-09-21,B,5211_H256_s53,,h256,53,1416,1.00540,,,,0,,,,,FF_HEAD_DIM=256,
2026-09-21,B,5004_P_fce8_mb8,,FUSED_CE=8,53,120,,,,,1,5001_P_control_mb8,,,,FF_FUSED_CE=8,
2026-09-21,B,5002_P_mb16,,mb16,53,120,,,,,1,,,,,FF_MB=16,
2026-09-21,B,5001_P_control_mb8,,mb8 probe,53,120,,,,,1,,,,,,
2026-09-21,A,4034a_H384_s53,,h384,53,1544,0.99954,,,,0,,,,,FF_HEAD_DIM=384,
2026-09-21,A,4033_screen_SS_MS_CS0,,MUON_STACK,53,120,1.7014535142910256,,,,1,,1.7014535142910256,0,,FF_MUON_STACK=1 FF_COMPILE_SYNC=0,
2026-09-21,A,4032_screen_h384,,h384,53,120,1.6668,,,,1,,1.7015,,,FF_HEAD_DIM=384,
2026-09-21,A,4031_h256SSfce8_s53,,h256+SS+fce8,53,1548,0.99927,,,,0,4030a_SS_s53,1.00015,-0.0009,,FF_FUSED_CE=8 FF_SCALAR_STACK=1,
2026-09-21,A,4031_fce8_s53,,h256+fce8,53,1400,1.00558,,,,0,4030_H256_s53,1.00729,-0.0017,,FF_FUSED_CE=8,
2026-09-21,A,4030a_SS_s53,,h256+SS,53,1526,1.00015,,,K38,0,4030_H256_s53,1.00729,-0.0071,,FF_SCALAR_STACK=1,
2026-09-21,A,4030_H256_s53,,h256,53,1379,1.00729,,,,0,desc:KVSDPA_s53,1.02003,-0.0127,,FF_HEAD_DIM=256,
2026-09-21,A,4030_H256_s51,,h256,51,1386,1.00558,,,,0,desc:KVSDPA_s51,1.02432,-0.0187,,FF_HEAD_DIM=256,
2026-09-21,A,4030Z_P_ns_fused,,NS_FUSED,53,120,,,,,1,,,,,FF_NS_FUSED=1,
2026-09-21,A,4029c_P_h256_ss,,SCALAR_STACK,53,120,1.70145,,,,1,4029a_P_h256,1.69877,,,FF_SCALAR_STACK=1,
2026-09-21,A,4029b_P_h256_freeze,,FREEZE_LAMBDA,53,120,,,,,1,,,,,FF_FREEZE_LAMBDA=1,
2026-09-21,A,4029a_P_h256,,h256 profile,53,120,1.69877,,,,1,,,,,,
2026-09-21,B,1547_SS_s57,,h256+SS,57,,0.99766,,,,0,,,,,FF_SEED=57,
2026-09-20,A,desc:bigram65536x128_s51,,BIGRAM,51,,1.05025,,,,0,desc:K31_s51,1.04152,+0.0087,,FF_BIGRAM=65536x128,
2026-09-20,A,desc:bigram65536x128_s50,,BIGRAM,50,,1.05211,,,,0,desc:K31_s50,1.04363,+0.0085,,FF_BIGRAM=65536x128,
2026-09-20,A,desc:bigram16384x64_s51,,BIGRAM,51,,1.04783,,,,0,desc:K31_s51,1.04152,+0.0063,,FF_BIGRAM=16384x64,
2026-09-20,A,desc:bigram16384x64_s50,,BIGRAM,50,,1.04993,,,,0,desc:K31_s50,1.04363,+0.0063,,FF_BIGRAM=16384x64,
2026-09-20,A,desc:Q_qk1.44_s51,,QK1.44,51,920,1.03769,,,,0,desc:K31_s51,1.04152,-0.0038,,FF_QK_GAIN=1.44,
2026-09-20,A,desc:Q_qk1.44_s50,,QK1.44,50,919,1.03908,,,,0,desc:K31_s50,1.04363,-0.0046,,FF_QK_GAIN=1.44,
2026-09-20,A,desc:M_streammix8_s51,,STREAM_MIX=8,51,,,,,,0,desc:K31_s51,1.04152,-0.0027,,FF_STREAM_MIX=8,
2026-09-20,A,desc:M_streammix8_s50,,STREAM_MIX=8,50,,1.03953,,,,0,desc:K31_s50,1.04363,-0.0041,,FF_STREAM_MIX=8,
2026-09-20,A,desc:KVSDPA_s53,,K36,53,1145,1.02003,,,,0,desc:GQA_s53,1.02314,-0.0031,,FF_KV_SDPA=1,
2026-09-20,A,desc:KVSDPA_s51,,K36,51,1143,1.02432,,,,0,desc:GQA_s51,1.02750,-0.0032,,FF_KV_SDPA=1,
2026-09-20,A,desc:K34_s53,,K34,53,,1.03262,,,,0,desc:K32_s53,1.03759,-0.0050,,FF_QK_GAIN=1.44 FF_STREAM_MIX=8,
2026-09-20,A,desc:K34_s51,,K34,51,,1.03763,,,,0,desc:K31_s51,1.04152,-0.0039,,FF_QK_GAIN=1.44 FF_STREAM_MIX=8,
2026-09-20,A,desc:K34_s50,,K34,50,,1.03855,1.03957,,,0,desc:K31_s50,1.04363,-0.0051,,FF_QK_GAIN=1.44 FF_STREAM_MIX=8,
2026-09-20,A,desc:GQA_s53,,GQA,53,1100,1.02314,,,,0,desc:K34_s53,1.03262,-0.0095,,FF_KV_HEADS=1,
2026-09-20,A,desc:GQA_s51,,GQA,51,1101,1.02750,,,,0,desc:K34_s51,1.03763,-0.0101,,FF_KV_HEADS=1,
2026-09-20,A,desc:GQA_s50,,GQA,50,1104,1.02377,,,,0,desc:K34_s50,1.03855,-0.0148,,FF_KV_HEADS=1,
2026-09-20,A,desc:GQA_kv2_s53,,KV_HEADS=2,53,,1.02767,,,,0,desc:GQA_s53,1.02314,+0.0045,,FF_KV_HEADS=2,
2026-09-20,A,desc:GQA_d13_s53,,d13,53,,1.02610,,,,0,desc:GQA_s53,1.02314,+0.003,,FF_DEPTH=13,
2026-09-20,A,desc:GQA_b327k_s53,,BATCH=327k,53,,1.02310,,,,0,desc:GQA_s53,1.02314,-0.00004,,FF_BATCH=327680,
2026-09-20,A,C13_cold_K35,,K35,53,1104,1.02279,,,K35,0,,,,,FF_KV_HEADS=1,
2026-09-20,A,C12_cold_K33,,K33,56,917,1.03622,,,K33,0,,,,,FF_VALUE_EMBED=1 FF_STREAM_ROWS=1 FF_SEED=56,
2026-09-20,A,1902_P_kv2,,KV_HEADS=2,51,120,1.7115,,,,1,1900_P_control,,,,FF_KV_HEADS=2,
2026-09-20,A,1901_P_kv1,,GQA,51,120,1.72434,,,,1,1900_P_control,1.70137,,,FF_KV_HEADS=1,
2026-09-20,A,1900_P_control,,K34 probe,51,120,1.70137,,,,1,,,,,,
2026-09-20,A,0942_P_null_attn2,,NULL_ATTN=2,51,120,,,,,1,,,,,FF_NULL_ATTN=2,
2026-09-20,A,0940_P_bf16_params,,BF16_PARAMS,51,120,,,,,1,,,,,FF_BF16_PARAMS=1 NEURON_RT_STOCHASTIC_ROUNDING_EN=1,
2026-09-20,A,0931_tt1400_s51,,K31-recipe tt1400,51,725,1.06279,,,,0,,,,,FF_TIME_TARGET=1400,
2026-09-20,A,0930_tt1000_s51,,K31-recipe tt1000,51,518,1.10134,,,,0,,,,,FF_TIME_TARGET=1000,
2026-09-20,A,0922_P_seq512_mb16,,TRAIN_SEQ=512,51,120,,,,,1,,,,,FF_TRAIN_SEQ=512 FF_MB=16,
2026-09-20,A,0921_P_no_causal,,NO_CAUSAL,51,120,,,,,1,,,,,FF_NO_CAUSAL=1,
2026-09-20,A,0920_P_null_attn1,,NULL_ATTN=1,51,120,,,,,1,,,,,FF_NULL_ATTN=1,
2026-09-19,A,desc:VE3stream_s50,,VALUE_EMBED=3,50,869,1.04735,,,,0,S1_stream_rows,1.04915,-0.002,,FF_VALUE_EMBED=3,
2026-09-19,A,desc:VE2stream_s50,,VALUE_EMBED=2,50,887,1.04902,,,,0,S1_stream_rows,1.04915,-0.0001,,FF_VALUE_EMBED=2,
2026-09-19,A,desc:K32_s53,,K31-recipe,53,,1.03759,,,,0,,,,,FF_SEED=53,
2026-09-19,A,desc:K31_s57,,K31-recipe,57,,1.04080,,,,0,,,,,FF_SEED=57,
2026-09-19,A,desc:K31_s56,,K31-recipe,56,,1.03627,,,,0,,,,,FF_SEED=56,
2026-09-19,A,desc:K31_s54,,K31-recipe,54,,1.04195,,,,0,,,,,FF_SEED=54,
2026-09-19,A,desc:K31_s52,,K31-recipe,52,,1.04365,,,,0,,,,,FF_SEED=52,
2026-09-19,A,desc:K31_s51,,K31-recipe,51,906,1.04152,,,,0,desc:K29_s51,1.04375,-0.0022,,FF_VALUE_EMBED=1,
2026-09-19,A,desc:K31_s50,,K31-recipe,50,905,1.04363,,,,0,S1_stream_rows,1.04915,-0.0055,,FF_VALUE_EMBED=1,
2026-09-19,A,desc:K29_s55,,K29-recipe,55,,1.05189,,,,0,,,,,FF_STREAM_ROWS=1 FF_SEED=55,
2026-09-19,A,desc:K29_s54,,K29-recipe,54,,1.04671,,,,0,,,,,FF_STREAM_ROWS=1 FF_SEED=54,
2026-09-19,A,desc:K29_s53,,K29-recipe,53,,1.05211,,,,0,,,,,FF_STREAM_ROWS=1 FF_SEED=53,
2026-09-19,A,desc:K29_s52,,K29-recipe,52,,1.05183,,,,0,,,,,FF_STREAM_ROWS=1 FF_SEED=52,
2026-09-19,A,desc:K29_s51,,K29-recipe,51,,1.04375,,,,0,,,,,FF_STREAM_ROWS=1 FF_SEED=51,
2026-09-19,A,S3_stream_bos1,,STREAM+BOS1,50,937,1.04866,,,,0,S1_stream_rows,1.04915,-0.0005,,FF_STREAM_ROWS=1 FF_BOS_MODE=1,
2026-09-19,A,S1_stream_rows,,K29-recipe,50,938,1.04915,,,,0,C7_cold_K26,1.08172,-0.0326,,FF_STREAM_ROWS=1 FF_SEED=50,
2026-09-19,A,K27_bos1,,BOS_MODE=1,50,929,1.04744,,,,0,C7_cold_K26,1.08172,-0.0343,,FF_BOS_MODE=1,
2026-09-19,A,G3_d12w640,,shape,50,1082,1.09855,,,,0,,,,,FF_DEPTH=12 FF_WIDTH=640,
2026-09-19,A,G1_d13w768,,shape,50,800,1.08936,,,,0,C7_cold_K26,1.08172,+0.008,,FF_DEPTH=13,
2026-09-19,A,C9_cold_K30,,K30,51,935,1.04406,,,K30,0,,,,,FF_STREAM_ROWS=1 FF_SEED=51,
2026-09-19,A,C8_cold_K29,,K29,50,935,1.04959,,,K29,0,,,,,FF_STREAM_ROWS=1,
2026-09-19,A,C7_cold_K26,,K26,50,936,1.0817187210565287,,,K26,0,,,,,FF_TENSOR_LR=1,
2026-09-19,A,C6_cold_K25,,K25,50,913,1.0815271917069262,,,K25,0,,,,,FF_COOLDOWN_FRAC=0.35,
2026-09-19,A,C11_cold_K32,,K32,53,907,1.03749,,,K32,0,,,,,FF_VALUE_EMBED=1 FF_STREAM_ROWS=1 FF_SEED=53,
2026-09-19,A,C10_cold_K31,,K31,51,906,1.041525,,,K31,0,,,,,FF_VALUE_EMBED=1 FF_STREAM_ROWS=1,
2026-09-19,A,0909_P_M,,STREAM_MIX=8,51,120,1.72385,,,,1,0900_P_T0_K31,1.72903,-0.005,,FF_STREAM_MIX=8,
2026-09-19,A,0908_P_L,,LIT,51,120,1.73905,,,,1,0900_P_T0_K31,1.72903,+0.010,,FF_LIT=1,
2026-09-19,A,0907_P_B,,BIGRAM,51,120,1.65561,,,,1,0900_P_T0_K31,1.72903,-0.073,,FF_BIGRAM=65536x128,
2026-09-19,A,0906_P_Q,,QK1.44,51,120,1.71243,,,,1,0900_P_T0_K31,1.72903,-0.0166,,FF_QK_GAIN=1.44,
2026-09-19,A,0905_SP2b_muon_stack,,MUON_STACK,51,120,1.72903,,,,1,0900_P_T0_K31,1.72903,0,,FF_MUON_STACK=1,
2026-09-19,A,0903_SP1_pack_stack,,PACK_SCALARS,51,120,,,,,1,,,,,FF_PACK_SCALARS=1 FF_MUON_STACK=1,
2026-09-19,A,0902_P_compile_sync0,,COMPILE_SYNC=0,51,120,1.72903,,,,1,0900_P_T0_K31,1.72903,0,,FF_COMPILE_SYNC=0,
2026-09-19,A,0901_P_VE0_twin,,VE0,51,120,,,,,1,,,,,FF_VALUE_EMBED=0,
2026-09-19,A,0900_P_T0_K31,,K31 profile,51,120,1.72903,,,,1,,,,,FF_PROFILE=1,
2026-09-19,A,0549_P1_fp8probe,,FP8,50,40,2.7836715705086643,,,,1,,,,,NEURON_CC_FLAGS=--auto-cast=matmult --auto-cast-type=fp8_e4m3,
2026-09-19,A,0507_F69_unet_K26,,UNET,50,913,1.112412094860854,,,,0,C7_cold_K26,1.08172,+0.031,,FF_UNET=1,
2026-09-19,A,0427_F68_ve3_K26,,VALUE_EMBED=3,50,867,1.1002141607865523,,,,0,C7_cold_K26,1.08172,+0.0185,,FF_VALUE_EMBED=3,
2026-09-18,A,desc:F42_d13w896,,d13,50,,,,,,0,,,,,FF_DEPTH=13,
2026-09-18,A,K22_warm_K21,,K21,50,843,1.0955009219242868,,,K21,0,,,,,FF_MATRIX_LR_SCALE=2.0,
2026-09-18,A,C5_cold_K24,,K24,50,912,1.082604211035652,,,K24,0,,,,,FF_WD=0.02 FF_TIME_TARGET=1760,
2026-09-18,A,C4_cold_K23_O3,,K23,50,884,1.092102501515871,,,K23,0,,,,,NEURON_CC_FLAGS=--model-type=transformer -O3,
2026-09-18,A,2350_F66_cd035_s51,,cd0.35,51,936,1.0784137862354581,,,,0,1535_F53_K24_s51,1.07927,-0.0009,,FF_COOLDOWN_FRAC=0.35 FF_SEED=51,
2026-09-18,A,2112_F65_wd002s51,,MUON_LR=2.5,51,937,1.0878529064451221,,,,0,1535_F53_K24_s51,1.07927,+0.0086,,FF_MATRIX_LR_SCALE=2.5 FF_SEED=51,
2026-09-18,A,2112_F64_b196k,,BATCH=196k,50,1172,1.0875363282969914,,,,0,,,,,FF_BATCH=196608,
2026-09-18,A,2112_F63_b393k,,BATCH=393k,50,669,1.0828370219693626,,,,0,,,,,FF_BATCH=393216,
2026-09-18,A,2112_F62_muon25,,MUON_LR=2.5,50,936,1.080298634563203,,,,0,,,,,FF_MATRIX_LR_SCALE=2.5,
2026-09-18,A,2112_F61_muon15,,MUON_LR=1.5,50,934,1.0821959533694807,,,,0,,,,,FF_MATRIX_LR_SCALE=1.5,
2026-09-18,A,1923_F60_cd035,,cd0.35,50,937,1.0799537613292984,,,,0,C5_cold_K24,1.08260,-0.0027,,FF_COOLDOWN_FRAC=0.35,
2026-09-18,A,1923_F59_valueres,,VALUE_RESIDUAL,50,933,1.0861423008036342,,,,0,,,,,FF_VALUE_RESIDUAL=1,
2026-09-18,A,1923_F58_softcap18,,softcap18,50,936,1.0928859055776263,,,,0,,,,,softcap=18,
2026-09-18,A,1710_F57_mom095const,,MUON_MOM_CONST=0.95,50,937,1.0887202497278976,,,,0,,,,,FF_MUON_MOM_CONST=0.95,
2026-09-18,A,1710_F56_emb2x,,EMB_LR=x2,50,925,1.081254561245211,,,,0,,,,,FF_EMB_LR=0.6,
2026-09-18,A,1710_F55_unemb2x,,UNEMB_LR=x2,50,928,1.084836684702909,,,,0,,,,,FF_UNEMB_LR=0.012,
2026-09-18,A,1710_F54_softcap10,,softcap10,50,934,1.1313523436596444,,,,0,,,,,softcap=10,
2026-09-18,A,1535_F53_K24_s51,,K24,51,936,1.0792650469010914,,,,0,,,,,FF_SEED=51,
2026-09-18,A,1535_F52_K24_adamw12_s50,,ADAMW_LR=1.2,50,916,1.0825502869664103,,,,0,,,,,FF_ADAMW_LR_SCALE=1.2,
2026-09-18,A,1535_F51_K24_adamw10_s50,,ADAMW_LR=1.0,50,912,1.0878805995077947,,,,0,,,,,FF_ADAMW_LR_SCALE=1.0,
2026-09-18,A,1416_F50_softcap30,,softcap30,50,908,1.1506861435602673,,,,0,,,,,softcap=30,
2026-09-18,A,1416_F49_hd64,,HEAD_DIM=64,50,842,1.0969617739819195,,,,0,C5_cold_K24,1.08260,+0.014,,FF_HEAD_DIM=64,
2026-09-18,A,1139_F48_K23_wd005_s51,,WD=0.05,51,909,1.0845348131191168,,,,0,,,,,FF_WD=0.05 FF_SEED=51,
2026-09-18,A,1139_F47_K23_wd000_s50,,WD=0.0,50,907,1.0829014384412317,,,,0,,,,,FF_WD=0.0,
2026-09-18,A,1139_F46_K23_wd002_s50,,WD=0.02,50,908,1.082934721718419,,,,0,,,,,FF_WD=0.02,
2026-09-18,A,1004_F45_K23_tt1760,,TIME_TARGET=1760,50,934,1.0890284855559063,,,,0,,,,,FF_TIME_TARGET=1760,
2026-09-18,A,1004_F44_K23_wd020,,WD=0.20,50,907,1.1034506369806432,,,,0,,,,,FF_WD=0.20,
2026-09-18,A,1004_F43_K23_wd005,,WD=0.05,50,908,1.0843760510269003,,,,0,,1.091,-0.007,,FF_WD=0.05,
2026-09-18,A,0922_F41_K23_seed51,,K23,51,909,1.0893114364136485,,,,0,,,,,FF_SEED=51,
2026-09-18,A,0052_F67_cd040_s50,,cd0.40,50,937,1.079735914969827,,,,0,1923_F60_cd035,1.07995,-0.0002,,FF_COOLDOWN_FRAC=0.40,
2026-09-18,A,0052_F66_cd035_s51,,cd0.35,51,937,1.0782383395029977,,,,0,2350_F66_cd035_s51,1.07841,-0.00017,,FF_COOLDOWN_FRAC=0.35 FF_SEED=51,
2026-09-17,A,desc:suite9_TENSOR_LR_screen,,TENSOR_LR,50,30,,,,,1,,,,,FF_TENSOR_LR=1,
2026-09-17,A,desc:suite8_screens,,throughput,50,20,,,,,1,,,,,,
2026-09-17,A,desc:suite7_screens,,compile,50,20,,,,,1,,,,,,
2026-09-17,A,desc:suite6_screens,,NKI_ATTN,50,20,,,,,1,,,,,FF_NKI_ATTN=1,
2026-09-17,A,desc:suite25_flags_screen,,cc_flags,50,20,,,,,1,,,,,,
2026-09-17,A,desc:suite18_LAMBDA_0D_compile_screen,,LAMBDA_0D,50,20,,,,,1,,,,,FF_LAMBDA_0D=1,
2026-09-17,A,desc:suite17_e4_LAMBDA_FP32_screen,,LAMBDA_FP32,50,20,,,,,1,,,,,FF_LAMBDA_FP32=1,
2026-09-17,A,desc:suite16_FREEZE_LAMBDA_screen,,FREEZE_LAMBDA,50,20,,,,,1,,,,,FF_FREEZE_LAMBDA=1,
2026-09-17,A,desc:suite11_screens,,compile,50,20,,,,,1,,,,,FF_STATIC_LOSS=1 FF_ASYNC_SYNC=1,
2026-09-17,A,K6_warm_K5,,K5,50,1401,1.143225873285495,,,K5,0,,,,,FF_STATIC_LOSS=1 FF_ASYNC_SYNC=1,
2026-09-17,A,K2c_warm_K1c,,K1c,50,1241,1.138908851627369,,,K1c,0,,,,,FF_EMA_EVERY=4 FF_TENSOR_LR=1,
2026-09-17,A,K2b_warm_K1b,,K1b,50,1241,1.1372707467679715,,,K1b,0,,,,,FF_EMA=1 FF_EMA_FOREACH=0,
2026-09-17,A,K2_warm_K1,,K1,50,1281,1.1349581180249042,,,K1,0,F6_cd30_s50,1.1344351319562322,,,FF_EMA=1,
2026-09-17,A,K20_warm_K19,,K19,50,842,1.0995236402890407,,,K19,0,,,,,FF_DEPTH=12 FF_BATCH=262144 FF_EMA_EVERY=4,
2026-09-17,A,K16_warm_K15,,K15,50,1808,1.1282456464455939,,,K15,0,,,,,FF_LAMBDA_0D=1 FF_STATIC_LOSS=1 FF_ASYNC_SYNC=1,
2026-09-17,A,K14_warm_K13,,K13,50,1539,1.1344089009496634,,,K13,0,,,,,FF_LAMBDA_FP32=1,
2026-09-17,A,K10_warm_K9,,FREEZE_LAMBDA,50,1325,1.190682408346699,,,,0,K2b_warm_K1b,1.13727,+0.053,,FF_FREEZE_LAMBDA=1,
2026-09-17,A,C3_cold_K19,,K19,50,822,1.100819710023441,,,K19,0,K20_warm_K19,1.09952,+0.0013,,FF_DEPTH=12 FF_BATCH=262144,
2026-09-17,A,C2_stall_K1,,K1,50,,,,,,0,,,,,,
2026-09-17,A,C1_cold_F6,,F6,50,1237,1.1361062620829165,,,,0,F6_cd30_s50,1.1344351319562322,,,FF_COOLDOWN_FRAC=0.30,
2026-09-17,A,2112_F30_b262k_adamw2_s50,,ADAMW_LR=2.0,50,1106,1.1076660027379024,,,,0,1905_F23_K15_b262k,1.11105,-0.003,,FF_BATCH=262144 FF_ADAMW_LR_SCALE=2.0,
2026-09-17,A,2112_F29_b262k_d12_s50,,K19-recipe,50,840,1.099128541127804,,,,0,1905_F23_K15_b262k,1.11105,-0.012,,FF_BATCH=262144 FF_DEPTH=12 FF_EMA_EVERY=4,
2026-09-17,A,2112_F28_b524k_s50,,BATCH=524k,50,625,1.1142020815484501,,,,0,1905_F23_K15_b262k,1.11105,+0.003,,FF_BATCH=524288,
2026-09-17,A,2112_F27_b262k_s51,,BATCH=262k,51,1128,1.1042453934780283,,,,0,,,,,FF_BATCH=262144 FF_EMA_EVERY=4 FF_SEED=51,
2026-09-17,A,1905_F23_K15_b262k,,BATCH=262k,50,1105,1.1110526406941874,,,,0,K16_warm_K15,1.12825,-0.017,,FF_BATCH=262144,
2026-09-17,A,1905_F22_K15_emaevery4,,EMA_EVERY=4,50,1890,1.1262471017549507,,,,0,K16_warm_K15,1.12825,-0.002,,FF_EMA_EVERY=4,
2026-09-17,A,1905_F21_K15_depth12,,d12,50,1336,1.1226673003863588,,,,0,K16_warm_K15,1.12825,-0.0056,,FF_DEPTH=12,
2026-09-17,A,1905_F20_K15_seed51,,K15,51,1839,1.122415052706797,,,,0,,,,,FF_SEED=51,
2026-09-17,A,1850_v5_early_ema_K15,,K15,50,900,1.1566341318038722,,,,1,,,,,NEURON_COMPETITION_R1_NUM_STEPS=900,
2026-09-17,A,1424_v2_early_ema_loop,,K1b,50,700,1.1734715139088456,,,,1,,,,,,
2026-09-17,A,1339_v1_early_ema,,K1,50,700,2.999500292556899,,,,1,,,,,NEURON_COMPETITION_R1_NUM_STEPS=700 FF_EMA=1,
2026-09-17,A,1339_v0_early_raw,,K1,50,700,1.223324960947338,,,,1,,,,,NEURON_COMPETITION_R1_NUM_STEPS=700 FF_EMA=0,
2026-09-17,A,0433_F40_d12_muon28_s50,,MUON_LR=2.8,50,843,1.0988988263129014,,,,0,2112_F29_b262k_d12_s50,1.09913,-0.0002,,FF_MATRIX_LR_SCALE=2.8,
2026-09-17,A,0433_F39_d12_muon14_s51,,MUON_LR=1.4,51,844,1.0950842359346937,,,,0,,,,,FF_MATRIX_LR_SCALE=1.4 FF_SEED=51,
2026-09-17,A,0433_F38_d12_muon20_s50,,MUON_LR=2.0,50,844,1.0955056521057993,,,,0,2112_F29_b262k_d12_s50,1.09913,-0.0036,,FF_MATRIX_LR_SCALE=2.0,
2026-09-17,A,0259_F37_d12_warmup40,,warmup40,50,817,1.0991676726294066,,,,0,2112_F29_b262k_d12_s50,1.09913,0.0000,,warmup=40,
2026-09-17,A,0259_F36_d12_muon07,,MUON_LR=0.7,50,838,1.1051090386188942,,,,0,2112_F29_b262k_d12_s50,1.09913,+0.006,,FF_MATRIX_LR_SCALE=0.7,
2026-09-17,A,0259_F35_d12_muon14,,MUON_LR=1.4,50,842,1.0965936798569538,,,,0,2112_F29_b262k_d12_s50,1.09913,-0.0025,,FF_MATRIX_LR_SCALE=1.4,
2026-09-17,A,0036_F34_b262k_d14_s50,,d14,50,436,1.1399274747152415,,,,0,,,,,FF_DEPTH=14 FF_BATCH=262144,
2026-09-17,A,0036_F33_b262k_d12_cd40_s50,,cd0.40,50,842,1.0980968455382973,,,,0,2112_F29_b262k_d12_s50,1.09913,-0.001,,FF_COOLDOWN_FRAC=0.4,
2026-09-17,A,0003_F31_b262k_d12_lr2_s50,,ADAMW_LR=2.0,50,825,1.1544114625128408,,,,0,2112_F29_b262k_d12_s50,1.09913,+0.055,,FF_DEPTH=12 FF_ADAMW_LR_SCALE=2.0,
2026-09-15,A,v005,,v005,50,1360,1.1862699230253226,,,,0,,,,,,
2026-09-15,A,desc:suite3_GRAD_BF16_screen,,GRAD_BF16,,,,,,,1,,,,,FF_GRAD_BF16=1,
2026-09-15,A,desc:suite2_d12_screen,,d12,,,,,,,1,,,,,FF_DEPTH=12,
2026-09-15,A,desc:speedtest_mb8,,F1,,25,,,,,1,,,,,FF_MB=8,
2026-09-15,A,desc:speedtest_mb4,,F1,,25,,,,,1,,,,,FF_MB=4,
2026-09-15,A,F7_cd30_s51,,F6,51,1314,1.1388968111653375,,,,0,F5_b131k_s51,1.1439779721459682,-0.0051,,FF_COOLDOWN_FRAC=0.30 FF_SEED=51,
2026-09-15,A,F6_cd30_s50,,F6,50,1316,1.1344351319562322,,,F6,0,F2_b131k,1.1403158656190606,-0.0059,,FF_COOLDOWN_FRAC=0.30,
2026-09-15,A,F5_b131k_s51,,F2,51,1317,1.1439779721459682,,,,0,F2_b131k,1.1403158656190606,+0.0037,,FF_SEED=51,
2026-09-15,A,F4_b262k,,BATCH=262k,50,715,1.1411629121229827,,,,0,F2_b131k,1.1403158656190606,+0.0008,,FF_BATCH=262144,
2026-09-15,A,F3_d12_b131k,,d12,50,906,1.143979778215273,,,,0,F2_b131k,1.1403158656190606,+0.0037,,FF_DEPTH=12 FF_BATCH=131072,
2026-09-15,A,F2_b131k,,F2,50,1257,1.1403158656190606,,,F2,0,F1_mb8_time,1.1682172282848609,-0.0279,,FF_BATCH=131072 FF_ADAMW_LR_SCALE=1.4142,
2026-09-15,A,F1_mb8_time,,F1,50,2115,1.1682172282848609,,,,0,,,,,FF_MB=8 FF_BATCH=65536,
